Date,close
1993-01-29,24.11326789855957
1993-02-01,24.28476333618164
1993-02-02,24.33621597290039
1993-02-03,24.593467712402344
1993-02-04,24.696365356445312
1993-02-05,24.679231643676758
1993-02-08,24.679231643676758
1993-02-09,24.50772476196289
1993-02-10,24.54201316833496
1993-02-11,24.66206932067871
1993-02-12,24.47340965270996
1993-02-16,23.855998992919922
1993-02-17,23.838848114013672
1993-02-18,23.821712493896484
1993-02-19,23.907453536987305
1993-02-22,23.993209838867188
1993-02-23,23.976064682006836
1993-02-24,24.28476333618164
1993-02-25,24.33621597290039
1993-02-26,24.37051773071289
1993-03-01,24.301921844482422
1993-03-02,24.66206932067871
1993-03-03,24.764970779418945
1993-03-04,24.62776756286621
1993-03-05,24.559171676635742
1993-03-08,25.107967376708984
1993-03-09,25.022212982177734
1993-03-10,25.07367515563965
1993-03-11,25.00507164001465
1993-03-12,24.747817993164062
1993-03-15,24.86787223815918
1993-03-16,24.86787223815918
1993-03-17,24.713533401489258
1993-03-18,24.86787223815918
1993-03-19,24.830249786376953
1993-03-22,24.692378997802734
1993-03-23,24.744083404541016
1993-03-24,24.744083404541016
1993-03-25,24.899166107177734
1993-03-26,24.761308670043945
1993-03-29,24.864704132080078
1993-03-30,24.933610916137695
1993-03-31,24.91639518737793
1993-04-01,24.830249786376953
1993-04-02,24.313316345214844
1993-04-05,24.433916091918945
1993-04-06,24.364988327026367
1993-04-07,24.451152801513672
1993-04-08,24.41669464111328
1993-04-12,24.761308670043945
1993-04-13,24.8129940032959
1993-04-14,24.778545379638672
1993-04-15,24.778545379638672
1993-04-16,24.778545379638672
1993-04-19,24.675161361694336
1993-04-20,24.554553985595703
1993-04-21,24.53728675842285
1993-04-22,24.22715187072754
1993-04-23,24.123762130737305
1993-04-26,23.934213638305664
1993-04-27,24.192689895629883
1993-04-28,24.140989303588867
1993-04-29,24.244369506835938
1993-04-30,24.27883529663086
1993-05-03,24.433916091918945
1993-05-04,24.520069122314453
1993-05-05,24.588993072509766
1993-05-06,24.50284194946289
1993-05-07,24.451152801513672
1993-05-10,24.50284194946289
1993-05-11,24.606233596801758
1993-05-12,24.571775436401367
1993-05-13,24.27883529663086
1993-05-14,24.26160430908203
1993-05-17,24.34775733947754
1993-05-18,24.330520629882812
1993-05-19,24.830249786376953
1993-05-20,24.899166107177734
1993-05-21,24.675161361694336
1993-05-24,24.778545379638672
1993-05-25,24.830249786376953
1993-05-26,25.140390396118164
1993-05-27,25.054241180419922
1993-05-28,24.933610916137695
1993-06-01,25.17486000061035
1993-06-02,25.140390396118164
1993-06-03,25.054241180419922
1993-06-04,24.96807861328125
1993-06-07,24.88192367553711
1993-06-08,24.657926559448242
1993-06-09,24.744083404541016
1993-06-10,24.761308670043945
1993-06-11,24.864704132080078
1993-06-14,24.830249786376953
1993-06-15,24.778545379638672
1993-06-16,24.830249786376953
1993-06-17,24.91639518737793
1993-06-18,24.71120834350586
1993-06-21,24.763269424438477
1993-06-22,24.780611038208008
1993-06-23,24.555036544799805
1993-06-24,24.884735107421875
1993-06-25,24.867382049560547
1993-06-28,25.145038604736328
1993-06-29,25.023569107055664
1993-06-30,25.023569107055664
1993-07-01,24.954164505004883
1993-07-02,24.815317153930664
1993-07-06,24.555036544799805
1993-07-07,24.624454498291016
1993-07-08,24.902097702026367
1993-07-09,24.97150993347168
1993-07-12,24.954164505004883
1993-07-13,24.936803817749023
1993-07-14,25.023569107055664
1993-07-15,24.919456481933594
1993-07-16,24.850034713745117
1993-07-19,24.83266830444336
1993-07-20,24.902097702026367
1993-07-21,24.884735107421875
1993-07-22,24.71120834350586
1993-07-23,24.83266830444336
1993-07-26,24.97150993347168
1993-07-27,24.954164505004883
1993-07-28,24.902097702026367
1993-07-29,25.040939331054688
1993-07-30,24.902097702026367
1993-08-02,24.97150993347168
1993-08-03,24.988862991333008
1993-08-04,24.988862991333008
1993-08-05,24.936803817749023
1993-08-06,24.97150993347168
1993-08-09,25.110334396362305
1993-08-10,25.092987060546875
1993-08-11,25.092987060546875
1993-08-12,25.023569107055664
1993-08-13,25.058277130126953
1993-08-16,25.19709587097168
1993-08-17,25.283863067626953
1993-08-18,25.422683715820312
1993-08-19,25.422683715820312
1993-08-20,25.44005584716797
1993-08-23,25.38799476623535
1993-08-24,25.6656551361084
1993-08-25,25.683006286621094
1993-08-26,25.70033073425293
1993-08-27,25.683006286621094
1993-08-30,25.787107467651367
1993-08-31,25.85653305053711
1993-09-01,25.82181167602539
1993-09-02,25.73505210876465
1993-09-03,25.752408981323242
1993-09-07,25.578886032104492
1993-09-08,25.492109298706055
1993-09-09,25.54417610168457
1993-09-10,25.769763946533203
1993-09-13,25.787107467651367
1993-09-14,25.683006286621094
1993-09-15,25.752408981323242
1993-09-16,25.648300170898438
1993-09-17,25.598567962646484
1993-09-20,25.38901138305664
1993-09-21,25.301715850830078
1993-09-22,25.51125144958496
1993-09-23,25.650949478149414
1993-09-24,25.581092834472656
1993-09-27,25.860462188720703
1993-09-28,25.80810546875
1993-09-29,25.72079849243164
1993-09-30,25.668407440185547
1993-10-01,25.7906436920166
1993-10-04,25.825572967529297
1993-10-05,25.7906436920166
1993-10-06,25.773181915283203
1993-10-07,25.703330993652344
1993-10-08,25.738264083862305
1993-10-11,25.7906436920166
1993-10-12,25.825572967529297
1993-10-13,25.825572967529297
1993-10-14,26.15732765197754
1993-10-15,26.29703140258789
1993-10-18,26.227170944213867
1993-10-19,26.03510093688965
1993-10-20,26.070016860961914
1993-10-21,26.03510093688965
1993-10-22,25.91286277770996
1993-10-25,25.982698440551758
1993-10-26,25.965251922607422
1993-10-27,25.982698440551758
1993-10-28,26.174795150756836
1993-10-29,26.174795150756836
1993-11-01,26.244626998901367
1993-11-02,26.227170944213867
1993-11-03,25.895404815673828
1993-11-04,25.616024017333984
1993-11-05,25.738264083862305
1993-11-08,25.773181915283203
1993-11-09,25.7906436920166
1993-11-10,25.982698440551758
1993-11-11,25.91286277770996
1993-11-12,26.03510093688965
1993-11-15,26.01763343811035
1993-11-16,26.139862060546875
1993-11-17,26.00016975402832
1993-11-18,25.93033218383789
1993-11-19,25.87795066833496
1993-11-22,25.72079849243164
1993-11-23,25.860462188720703
1993-11-24,25.965251922607422
1993-11-26,25.982698440551758
1993-11-29,25.87795066833496
1993-11-30,25.895404815673828
1993-12-01,25.93033218383789
1993-12-02,26.00016975402832
1993-12-03,26.10492706298828
1993-12-06,26.192251205444336
1993-12-07,26.174795150756836
1993-12-08,26.174795150756836
1993-12-09,26.08749008178711
1993-12-10,26.03510093688965
1993-12-13,26.192251205444336
1993-12-14,26.00016975402832
1993-12-15,25.965251922607422
1993-12-16,26.052560806274414
1993-12-17,26.195735931396484
1993-12-20,26.23090362548828
1993-12-21,26.142995834350586
1993-12-22,26.318801879882812
1993-12-23,26.301233291625977
1993-12-27,26.441883087158203
1993-12-28,26.494619369506836
1993-12-29,26.459455490112305
1993-12-30,26.353973388671875
1993-12-31,26.21332359313965
1994-01-03,26.142995834350586
1994-01-04,26.248477935791016
1994-01-05,26.301233291625977
1994-01-06,26.301233291625977
1994-01-07,26.459455490112305
1994-01-10,26.775909423828125
1994-01-11,26.723167419433594
1994-01-12,26.63525390625
1994-01-13,26.564943313598633
1994-01-14,26.670425415039062
1994-01-17,26.670425415039062
1994-01-18,26.705583572387695
1994-01-19,26.63525390625
1994-01-20,26.705583572387695
1994-01-21,26.652835845947266
1994-01-24,26.547365188598633
1994-01-25,26.547365188598633
1994-01-26,26.617679595947266
1994-01-27,26.863819122314453
1994-01-28,26.93413543701172
1994-01-31,27.127534866333008
1994-02-01,26.986879348754883
1994-02-02,27.162696838378906
1994-02-03,27.039621353149414
1994-02-04,26.424283981323242
1994-02-07,26.547365188598633
1994-02-08,26.564943313598633
1994-02-09,26.670425415039062
1994-02-10,26.441883087158203
1994-02-11,26.529767990112305
1994-02-14,26.564943313598633
1994-02-15,26.705583572387695
1994-02-16,26.688007354736328
1994-02-17,26.529767990112305
1994-02-18,26.371549606323242
1994-02-22,26.63525390625
1994-02-23,26.564943313598633
1994-02-24,26.21332359313965
1994-02-25,26.336387634277344
1994-02-28,26.336387634277344
1994-03-01,26.23090362548828
1994-03-02,26.266071319580078
1994-03-03,26.195735931396484
1994-03-04,26.266071319580078
1994-03-07,26.406707763671875
1994-03-08,26.301233291625977
1994-03-09,26.424283981323242
1994-03-10,26.21332359313965
1994-03-11,26.353973388671875
1994-03-14,26.389127731323242
1994-03-15,26.371549606323242
1994-03-16,26.582508087158203
1994-03-17,26.582508087158203
1994-03-18,26.57670783996582
1994-03-21,26.50599479675293
1994-03-22,26.57670783996582
1994-03-23,26.559032440185547
1994-03-24,26.24074935913086
1994-03-25,25.993196487426758
1994-03-28,26.028573989868164
1994-03-29,25.515785217285156
1994-03-30,25.16213035583496
1994-03-31,25.232858657836914
1994-04-04,24.843849182128906
1994-04-05,25.356616973876953
1994-04-06,25.356616973876953
1994-04-07,25.48041534423828
1994-04-08,25.285890579223633
1994-04-11,25.392004013061523
1994-04-12,25.356616973876953
1994-04-13,25.22402000427246
1994-04-14,25.232858657836914
1994-04-15,25.232858657836914
1994-04-18,25.064865112304688
1994-04-19,25.10023307800293
1994-04-20,25.073720932006836
1994-04-21,25.409679412841797
1994-04-22,25.383146286010742
1994-04-25,25.64837646484375
1994-04-26,25.621870040893555
1994-04-28,25.436214447021484
1994-04-29,25.515785217285156
1994-05-02,25.674909591674805
1994-05-03,25.64837646484375
1994-05-04,25.60419464111328
1994-05-05,25.56882667541504
1994-05-06,25.32126808166504
1994-05-09,25.10023307800293
1994-05-10,25.29475212097168
1994-05-11,25.064865112304688
1994-05-12,25.18867301940918
1994-05-13,25.18867301940918
1994-05-16,25.197477340698242
1994-05-17,25.56882667541504
1994-05-18,25.754480361938477
1994-05-19,25.878265380859375
1994-05-20,25.781023025512695
1994-05-23,25.736801147460938
1994-05-24,25.842899322509766
1994-05-25,25.913619995117188
1994-05-26,25.931297302246094
1994-05-27,25.95783042907715
1994-05-31,25.92247772216797
1994-06-01,26.03740882873535
1994-06-02,26.0108642578125
1994-06-03,26.161176681518555
1994-06-06,26.152353286743164
1994-06-07,26.116979598999023
1994-06-08,25.904783248901367
1994-06-09,26.046253204345703
1994-06-10,26.09046173095703
1994-06-13,26.125818252563477
1994-06-14,26.329158782958984
1994-06-15,26.223064422607422
1994-06-16,26.2761173248291
1994-06-17,26.12944793701172
1994-06-20,25.90695571899414
1994-06-21,25.684484481811523
1994-06-22,25.7823543548584
1994-06-23,25.63106918334961
1994-06-24,25.09708595275879
1994-06-27,25.53316307067871
1994-06-28,25.408571243286133
1994-06-29,25.488672256469727
1994-06-30,25.328487396240234
1994-07-01,25.38188362121582
1994-07-05,25.5153751373291
1994-07-06,25.479766845703125
1994-07-07,25.58656883239746
1994-07-08,25.577672958374023
1994-07-11,25.488672256469727
1994-07-12,25.524253845214844
1994-07-13,25.568769454956055
1994-07-14,25.844661712646484
1994-07-15,25.853567123413086
1994-07-18,25.898059844970703
1994-07-19,25.844661712646484
1994-07-20,25.728958129882812
1994-07-21,25.7823543548584
1994-07-22,25.826858520507812
1994-07-25,25.862459182739258
1994-07-26,25.835765838623047
1994-07-27,25.835765838623047
1994-07-28,25.889163970947266
1994-07-29,26.147253036499023
1994-08-01,26.271852493286133
1994-08-02,26.307464599609375
1994-08-03,26.316341400146484
1994-08-04,26.165050506591797
1994-08-05,26.076047897338867
1994-08-08,26.138347625732422
1994-08-09,26.18284034729004
1994-08-10,26.28074836730957
1994-08-11,26.18284034729004
1994-08-12,26.387554168701172
1994-08-15,26.378643035888672
1994-08-16,26.5655460357666
1994-08-17,26.547733306884766
1994-08-18,26.458740234375
1994-08-19,26.440937042236328
1994-08-22,26.414230346679688
1994-08-23,26.5655460357666
1994-08-24,26.850330352783203
1994-08-25,26.779130935668945
1994-08-26,27.161819458007812
1994-08-29,27.144041061401367
1994-08-30,27.21521759033203
1994-08-31,27.144041061401367
1994-09-01,27.055023193359375
1994-09-02,26.939327239990234
1994-09-06,26.948213577270508
1994-09-07,26.921525955200195
1994-09-08,27.055023193359375
1994-09-09,26.770238876342773
1994-09-12,26.690135955810547
1994-09-13,26.770238876342773
1994-09-14,26.796924591064453
1994-09-15,27.135116577148438
1994-09-16,26.94200325012207
1994-09-19,26.96886444091797
1994-09-20,26.45849609375
1994-09-21,26.45849609375
1994-09-22,26.395816802978516
1994-09-23,26.3062801361084
1994-09-26,26.440593719482422
1994-09-27,26.422697067260742
1994-09-28,26.62860679626465
1994-09-29,26.49431610107422
1994-09-30,26.45849609375
1994-10-03,26.395816802978516
1994-10-04,26.001848220825195
1994-10-05,26.01079559326172
1994-10-06,25.930234909057617
1994-10-07,26.046619415283203
1994-10-10,26.32419204711914
1994-10-11,26.71815299987793
1994-10-12,26.75397491455078
1994-10-13,26.843496322631836
1994-10-14,26.95991325378418
1994-10-17,26.90618896484375
1994-10-18,26.843496322631836
1994-10-19,26.96886444091797
1994-10-20,26.789793014526367
1994-10-21,26.682340621948242
1994-10-24,26.45849609375
1994-10-25,26.4853515625
1994-10-26,26.583864212036133
1994-10-27,26.74501609802246
1994-10-28,27.309112548828125
1994-10-31,27.21061134338379
1994-11-01,26.90618896484375
1994-11-02,26.75397491455078
1994-11-03,26.897245407104492
1994-11-04,26.54802703857422
1994-11-07,26.62860679626465
1994-11-08,26.83455467224121
1994-11-09,26.879318237304688
1994-11-10,26.691303253173828
1994-11-11,26.592798233032227
1994-11-14,26.843496322631836
1994-11-15,26.75397491455078
1994-11-16,26.843496322631836
1994-11-17,26.664430618286133
1994-11-18,26.62860679626465
1994-11-21,26.360008239746094
1994-11-22,25.786958694458008
1994-11-23,25.930234909057617
1994-11-25,26.055566787719727
1994-11-28,26.17197036743164
1994-11-29,26.163022994995117
1994-11-30,26.1272029876709
1994-12-01,25.867534637451172
1994-12-02,26.10930633544922
1994-12-05,26.136165618896484
1994-12-06,26.154077529907227
1994-12-07,25.96603012084961
1994-12-08,25.7153263092041
1994-12-09,25.813814163208008
1994-12-12,25.983932495117188
1994-12-13,26.082429885864258
1994-12-14,26.216745376586914
1994-12-15,26.297332763671875
1994-12-16,26.425769805908203
1994-12-19,26.461877822875977
1994-12-20,26.380638122558594
1994-12-21,26.66042709350586
1994-12-22,26.579200744628906
1994-12-23,26.60627555847168
1994-12-27,26.750688552856445
1994-12-28,26.615299224853516
1994-12-29,26.63335418701172
1994-12-30,26.317476272583008
1995-01-03,26.443832397460938
1995-01-04,26.570180892944336
1995-01-05,26.570180892944336
1995-01-06,26.597267150878906
1995-01-09,26.62432098388672
1995-01-10,26.651397705078125
1995-01-11,26.66946029663086
1995-01-12,26.678489685058594
1995-01-13,26.994356155395508
1995-01-16,27.15682029724121
1995-01-17,27.165847778320312
1995-01-18,27.13876724243164
1995-01-19,26.98533821105957
1995-01-20,26.88608169555664
1995-01-23,26.96727752685547
1995-01-24,27.00339126586914
1995-01-25,27.075599670410156
1995-01-26,27.102670669555664
1995-01-27,27.210956573486328
1995-01-30,27.093637466430664
1995-01-31,27.20193099975586
1995-02-01,27.192914962768555
1995-02-02,27.355371475219727
1995-02-03,27.743438720703125
1995-02-06,27.86077880859375
1995-02-07,27.896879196166992
1995-02-08,27.896879196166992
1995-02-09,27.896879196166992
1995-02-10,27.932985305786133
1995-02-13,27.942001342773438
1995-02-14,27.978120803833008
1995-02-15,28.13153076171875
1995-02-16,28.095449447631836
1995-02-17,27.98714828491211
1995-02-21,27.978120803833008
1995-02-22,28.18567657470703
1995-02-23,28.230810165405273
1995-02-24,28.303014755249023
1995-02-27,28.077383041381836
1995-02-28,28.312034606933594
1995-03-01,28.13153076171875
1995-03-02,28.167634963989258
1995-03-03,28.176652908325195
1995-03-06,28.194717407226562
1995-03-07,27.978120803833008
1995-03-08,28.050302505493164
1995-03-09,28.041282653808594
1995-03-10,28.456453323364258
1995-03-13,28.42935562133789
1995-03-14,28.636940002441406
1995-03-15,28.582807540893555
1995-03-16,28.754270553588867
1995-03-17,28.782880783081055
1995-03-20,28.782880783081055
1995-03-21,28.710285186767578
1995-03-22,28.737512588500977
1995-03-23,28.75565528869629
1995-03-24,29.163991928100586
1995-03-27,29.28194236755371
1995-03-28,29.28194236755371
1995-03-29,29.27286720275879
1995-03-30,29.218442916870117
1995-03-31,29.100467681884766
1995-04-03,29.173057556152344
1995-04-04,29.363616943359375
1995-04-05,29.363616943359375
1995-04-06,29.472503662109375
1995-04-07,29.445283889770508
1995-04-10,29.499719619750977
1995-04-11,29.39990234375
1995-04-12,29.499719619750977
1995-04-13,29.66306495666504
1995-04-17,29.490659713745117
1995-04-18,29.39084243774414
1995-04-19,29.363616943359375
1995-04-20,29.408979415893555
1995-04-21,29.554176330566406
1995-04-24,29.89898681640625
1995-04-25,29.81731605529785
1995-04-26,29.84453773498535
1995-04-27,29.917125701904297
1995-04-28,29.96251106262207
1995-05-01,29.880842208862305
1995-05-02,29.94434356689453
1995-05-03,30.361770629882812
1995-05-04,30.343616485595703
1995-05-05,30.307310104370117
1995-05-08,30.525087356567383
1995-05-09,30.497852325439453
1995-05-10,30.5341739654541
1995-05-11,30.615825653076172
1995-05-12,30.633981704711914
1995-05-15,30.77916717529297
1995-05-16,30.797327041625977
1995-05-17,30.67935562133789
1995-05-18,30.234725952148438
1995-05-19,30.252870559692383
1995-05-22,30.588624954223633
1995-05-23,30.869916915893555
1995-05-24,30.851757049560547
1995-05-25,30.878982543945312
1995-05-26,30.525087356567383
1995-05-30,30.516029357910156
1995-05-31,31.151208877563477
1995-06-01,31.069551467895508
1995-06-02,31.09676742553711
1995-06-05,31.287282943725586
1995-06-06,31.23287010192871
1995-06-07,31.069551467895508
1995-06-08,30.996946334838867
1995-06-09,30.815494537353516
1995-06-12,30.987871170043945
1995-06-13,31.3236141204834
1995-06-14,31.296403884887695
1995-06-15,31.4324893951416
1995-06-16,31.52582550048828
1995-06-19,31.881786346435547
1995-06-20,31.799631118774414
1995-06-21,31.781375885009766
1995-06-22,32.20124053955078
1995-06-23,32.137359619140625
1995-06-26,31.75400733947754
1995-06-27,31.69009780883789
1995-06-28,31.854415893554688
1995-06-29,31.799631118774414
1995-06-30,31.781375885009766
1995-07-03,31.900041580200195
1995-07-05,32.0186882019043
1995-07-06,32.42941665649414
1995-07-07,32.575443267822266
1995-07-10,32.59371566772461
1995-07-11,32.43857192993164
1995-07-12,32.84015655517578
1995-07-13,32.76713180541992
1995-07-14,32.739749908447266
1995-07-17,32.92230224609375
1995-07-18,32.639339447021484
1995-07-19,32.28339767456055
1995-07-20,32.40203857421875
1995-07-21,32.36551284790039
1995-07-24,32.60284423828125
1995-07-25,32.849273681640625
1995-07-26,32.821895599365234
1995-07-27,33.09572982788086
1995-07-28,32.88580322265625
1995-07-31,32.80362319946289
1995-08-01,32.7488899230957
1995-08-02,32.675880432128906
1995-08-03,32.66672897338867
1995-08-04,32.7032470703125
1995-08-07,32.77627182006836
1995-08-08,32.77627182006836
1995-08-09,32.76713180541992
1995-08-10,32.69411849975586
1995-08-11,32.511566162109375
1995-08-14,32.80362319946289
1995-08-15,32.739749908447266
1995-08-16,32.83102798461914
1995-08-17,32.77627182006836
1995-08-18,32.81277084350586
1995-08-21,32.72148895263672
1995-08-22,32.78538513183594
1995-08-23,32.66672897338867
1995-08-24,32.7032470703125
1995-08-25,32.88580322265625
1995-08-28,32.76713180541992
1995-08-29,32.849273681640625
1995-08-30,32.92230224609375
1995-08-31,32.94966506958008
1995-09-01,33.09572982788086
1995-09-05,33.40604782104492
1995-09-06,33.469940185546875
1995-09-07,33.488197326660156
1995-09-08,33.61598587036133
1995-09-11,33.707244873046875
1995-09-12,33.8624267578125
1995-09-13,34.017574310302734
1995-09-14,34.32789993286133
1995-09-15,34.31842041015625
1995-09-18,34.189964294433594
1995-09-19,34.355159759521484
1995-09-20,34.52031326293945
1995-09-21,34.2358512878418
1995-09-22,34.245033264160156
1995-09-25,34.189964294433594
1995-09-26,34.180809020996094
1995-09-27,34.15327072143555
1995-09-28,34.410194396972656
1995-09-29,34.34597396850586
1995-10-02,34.17161560058594
1995-10-03,34.20833206176758
1995-10-04,34.17161560058594
1995-10-05,34.27255630493164
1995-10-06,34.30009460449219
1995-10-09,34.015628814697266
1995-10-10,33.997283935546875
1995-10-11,34.10738754272461
1995-10-12,34.31842041015625
1995-10-13,34.42854309082031
1995-10-16,34.26337814331055
1995-10-17,34.49277877807617
1995-10-18,34.59371566772461
1995-10-19,34.75889205932617
1995-10-20,34.5478515625
1995-10-23,34.474422454833984
1995-10-24,34.511131286621094
1995-10-25,34.22666549682617
1995-10-26,33.914703369140625
1995-10-27,34.17161560058594
1995-10-30,34.391841888427734
1995-10-31,34.245033264160156
1995-11-01,34.52031326293945
1995-11-02,34.74052810668945
1995-11-03,34.78642272949219
1995-11-06,34.66713333129883
1995-11-07,34.538658142089844
1995-11-08,34.85063934326172
1995-11-09,34.97911071777344
1995-11-10,34.960758209228516
1995-11-13,34.9240608215332
1995-11-14,34.69466781616211
1995-11-15,35.043357849121094
1995-11-16,35.236045837402344
1995-11-17,35.34617614746094
1995-11-20,35.162635803222656
1995-11-21,35.447105407714844
1995-11-22,35.33698654174805
1995-11-24,35.428749084472656
1995-11-27,35.437923431396484
1995-11-28,35.81413650512695
1995-11-29,35.850826263427734
1995-11-30,35.76826858520508
1995-12-01,35.81413650512695
1995-12-04,36.25457763671875
1995-12-05,36.493160247802734
1995-12-06,36.57574462890625
1995-12-07,36.38306427001953
1995-12-08,36.50233840942383
1995-12-11,36.658321380615234
1995-12-12,36.5482177734375
1995-12-13,36.777626037597656
1995-12-14,36.51150894165039
1995-12-15,36.52488327026367
1995-12-18,35.82319259643555
1995-12-19,36.201744079589844
1995-12-20,35.850887298583984
1995-12-21,36.03554916381836
1995-12-22,36.16482162475586
1995-12-26,36.34022521972656
1995-12-27,36.321781158447266
1995-12-28,36.28482437133789
1995-12-29,36.330989837646484
1996-01-02,36.718772888183594
1996-01-03,36.82034683227539
1996-01-04,36.4694938659668
1996-01-05,36.3956298828125
1996-01-08,36.534122467041016
1996-01-09,35.906288146972656
1996-01-10,35.435428619384766
1996-01-11,35.647762298583984
1996-01-12,35.592376708984375
1996-01-15,35.51850509643555
1996-01-16,35.95246505737305
1996-01-17,35.84165573120117
1996-01-18,35.9616813659668
1996-01-19,36.201744079589844
1996-01-22,36.210968017578125
1996-01-23,36.294063568115234
1996-01-24,36.58951950073242
1996-01-25,36.46025848388672
1996-01-26,36.7741813659668
1996-01-29,36.921897888183594
1996-01-30,37.23581314086914
1996-01-31,37.62357711791992
1996-02-01,37.762062072753906
1996-02-02,37.605125427246094
1996-02-05,37.9098014831543
1996-02-06,38.26988983154297
1996-02-07,38.491477966308594
1996-02-08,38.906944274902344
1996-02-09,38.897705078125
1996-02-12,39.19316864013672
1996-02-13,39.11007308959961
1996-02-14,38.768455505371094
1996-02-15,38.52839279174805
1996-02-16,38.3714599609375
1996-02-20,37.992889404296875
1996-02-21,38.46377944946289
1996-02-22,39.0731201171875
1996-02-23,38.962345123291016
1996-02-26,38.40835189819336
1996-02-27,38.28834533691406
1996-02-28,38.112918853759766
1996-02-29,37.74362564086914
1996-03-01,38.34373474121094
1996-03-04,38.56534194946289
1996-03-05,38.9254150390625
1996-03-06,38.58380126953125
1996-03-07,38.77769088745117
1996-03-08,37.52204132080078
1996-03-11,37.955955505371094
1996-03-12,37.6605224609375
1996-03-13,37.91903305053711
1996-03-14,38.085205078125
1996-03-15,38.059627532958984
1996-03-18,38.792259216308594
1996-03-19,38.70880889892578
1996-03-20,38.66244888305664
1996-03-21,38.56968688964844
1996-03-22,38.67170333862305
1996-03-25,38.59751510620117
1996-03-26,38.78298568725586
1996-03-27,38.43054962158203
1996-03-28,38.57896041870117
1996-03-29,38.39347839355469
1996-04-01,38.838623046875
1996-04-02,38.91282272338867
1996-04-03,38.91282272338867
1996-04-04,38.8849983215332
1996-04-08,38.217288970947266
1996-04-09,38.06890106201172
1996-04-10,37.39192581176758
1996-04-11,37.345542907714844
1996-04-12,37.81850814819336
1996-04-15,38.13381576538086
1996-04-16,38.2451171875
1996-04-17,38.15236282348633
1996-04-18,38.20803451538086
1996-04-19,38.30073547363281
1996-04-22,38.59751510620117
1996-04-23,38.71807861328125
1996-04-24,38.57896041870117
1996-04-25,38.75515365600586
1996-04-26,38.838623046875
1996-04-29,38.838623046875
1996-04-30,38.81081008911133
1996-05-01,38.894287109375
1996-05-02,38.2265625
1996-05-03,38.170928955078125
1996-05-06,38.13381576538086
1996-05-07,37.97615432739258
1996-05-08,38.44911575317383
1996-05-09,38.42131805419922
1996-05-10,38.801536560058594
1996-05-13,39.38579177856445
1996-05-14,39.62689971923828
1996-05-15,39.58052444458008
1996-05-16,39.66398620605469
1996-05-17,39.877281188964844
1996-05-20,40.14622497558594
1996-05-21,40.0905876159668
1996-05-22,40.470821380615234
1996-05-23,40.30387878417969
1996-05-24,40.461544036865234
1996-05-28,40.05348587036133
1996-05-29,39.78455352783203
1996-05-30,39.988582611083984
1996-05-31,39.691810607910156
1996-06-03,39.8030891418457
1996-06-04,40.081329345703125
1996-06-05,40.4337272644043
1996-06-06,40.136966705322266
1996-06-07,40.136966705322266
1996-06-10,40.00712585449219
1996-06-11,39.970035552978516
1996-06-12,39.89583206176758
1996-06-13,39.89583206176758
1996-06-14,39.728904724121094
1996-06-17,39.70109558105469
1996-06-18,39.37651062011719
1996-06-19,39.5527229309082
1996-06-20,39.524879455566406
1996-06-21,39.864845275878906
1996-06-24,39.93940353393555
1996-06-25,39.89280319213867
1996-06-26,39.622432708740234
1996-06-27,39.90211868286133
1996-06-28,40.041988372802734
1996-07-01,40.38694763183594
1996-07-02,40.23775863647461
1996-07-03,40.153839111328125
1996-07-05,39.12834167480469
1996-07-08,38.969844818115234
1996-07-09,39.12834167480469
1996-07-10,39.28680419921875
1996-07-11,38.494380950927734
1996-07-12,38.5223388671875
1996-07-15,37.384952545166016
1996-07-16,37.47818374633789
1996-07-17,37.92566680908203
1996-07-18,38.44775390625
1996-07-19,38.168052673339844
1996-07-22,37.888370513916016
1996-07-23,37.40357208251953
1996-07-24,37.47818374633789
1996-07-25,37.81378173828125
1996-07-26,38.01890563964844
1996-07-29,37.59935760498047
1996-07-30,37.96296310424805
1996-07-31,38.242652893066406
1996-08-01,38.87661361694336
1996-08-02,39.71566390991211
1996-08-05,39.48260498046875
1996-08-06,39.603797912597656
1996-08-07,39.70634078979492
1996-08-08,39.64107894897461
1996-08-09,39.51055908203125
1996-08-12,39.79958724975586
1996-08-13,39.48260498046875
1996-08-14,39.622432708740234
1996-08-15,39.5478515625
1996-08-16,39.88347244262695
1996-08-19,39.90211868286133
1996-08-20,39.8741569519043
1996-08-21,39.73431396484375
1996-08-22,40.10723114013672
1996-08-23,39.89280319213867
1996-08-26,39.697021484375
1996-08-27,39.84618377685547
1996-08-28,39.780921936035156
1996-08-29,39.38936996459961
1996-08-30,38.9791374206543
1996-09-03,39.23086929321289
1996-09-04,39.2681770324707
1996-09-05,38.79270935058594
1996-09-06,39.34275817871094
1996-09-09,39.80889892578125
1996-09-10,39.790245056152344
1996-09-11,40.014015197753906
1996-09-12,40.29369354248047
1996-09-13,40.909000396728516
1996-09-16,41.05817413330078
1996-09-17,40.96495056152344
1996-09-18,40.86241149902344
1996-09-19,41.0208854675293
1996-09-20,41.166419982910156
1996-09-23,41.15703582763672
1996-09-24,41.14763259887695
1996-09-25,41.17576599121094
1996-09-26,41.15703582763672
1996-09-27,41.19450378417969
1996-09-30,41.15703582763672
1996-10-01,41.38191604614258
1996-10-02,41.663063049316406
1996-10-03,41.62558364868164
1996-10-04,42.18783950805664
1996-10-07,42.23467254638672
1996-10-08,42.06599426269531
1996-10-09,41.738014221191406
1996-10-10,41.65367889404297
1996-10-11,42.16907501220703
1996-10-14,42.225303649902344
1996-10-15,42.16907501220703
1996-10-16,42.375244140625
1996-10-17,42.4876823425293
1996-10-18,42.71260452270508
1996-10-21,42.656368255615234
1996-10-22,42.35649490356445
1996-10-23,42.4970703125
1996-10-24,42.13159942626953
1996-10-25,42.16907501220703
1996-10-28,41.88795852661133
1996-10-29,42.225303649902344
1996-10-30,42.08475112915039
1996-10-31,42.4876823425293
1996-11-01,42.33774948120117
1996-11-04,42.618900299072266
1996-11-05,42.86252212524414
1996-11-06,43.68717956542969
1996-11-07,43.79023742675781
1996-11-08,44.033878326416016
1996-11-11,43.98705291748047
1996-11-12,43.855838775634766
1996-11-13,44.052642822265625
1996-11-14,44.3431282043457
1996-11-15,44.39935302734375
1996-11-18,44.40870666503906
1996-11-19,44.72735595703125
1996-11-20,44.80232238769531
1996-11-21,44.73670959472656
1996-11-22,45.083404541015625
1996-11-25,45.65507507324219
1996-11-26,45.505149841308594
1996-11-27,45.42079544067383
1996-11-29,45.58946990966797
1996-12-02,45.60820007324219
1996-12-03,44.83041000366211
1996-12-04,44.952239990234375
1996-12-05,44.83041000366211
1996-12-06,44.568050384521484
1996-12-09,45.224002838134766
1996-12-10,45.00846481323242
1996-12-11,44.59614181518555
1996-12-12,43.855838775634766
1996-12-13,43.96830368041992
1996-12-16,43.40604782104492
1996-12-17,43.75277328491211
1996-12-18,44.099510192871094
1996-12-19,45.00846481323242
1996-12-20,45.10724639892578
1996-12-23,44.99424743652344
1996-12-24,45.323787689208984
1996-12-26,45.6722526550293
1996-12-27,45.72874450683594
1996-12-30,45.33323287963867
1996-12-31,44.504554748535156
1997-01-02,44.61753463745117
1997-01-03,45.25788497924805
1997-01-06,44.862403869628906
1997-01-07,45.40858840942383
1997-01-08,45.01308059692383
1997-01-09,45.38975524902344
1997-01-10,45.8794059753418
1997-01-13,45.81349182128906
1997-01-14,46.3879508972168
1997-01-15,46.27493667602539
1997-01-16,46.46326446533203
1997-01-17,46.74577713012695
1997-01-20,46.80229187011719
1997-01-21,47.17897415161133
1997-01-22,47.51797103881836
1997-01-23,46.858787536621094
1997-01-24,46.2560920715332
1997-01-27,46.124267578125
1997-01-28,46.2560920715332
1997-01-29,46.7081184387207
1997-01-30,47.31077575683594
1997-01-31,47.254302978515625
1997-02-03,47.39555358886719
1997-02-04,47.68749237060547
1997-02-05,46.79286575317383
1997-02-06,47.10362243652344
1997-02-07,47.743980407714844
1997-02-10,47.291961669921875
1997-02-11,47.838138580322266
1997-02-12,48.51615905761719
1997-02-13,49.04349136352539
1997-02-14,48.93052673339844
1997-02-18,49.34486389160156
1997-02-19,49.01528549194336
1997-02-20,48.4219856262207
1997-02-21,48.44084167480469
1997-02-24,49.01528549194336
1997-02-25,49.052947998046875
1997-02-26,48.57268524169922
1997-02-27,47.84756088256836
1997-02-28,47.70631408691406
1997-03-03,48.02648162841797
1997-03-04,47.762813568115234
1997-03-05,48.57268524169922
1997-03-06,48.2901496887207
1997-03-07,48.72334289550781
1997-03-10,49.23186111450195
1997-03-11,48.968170166015625
1997-03-12,48.53498458862305
1997-03-13,47.78165054321289
1997-03-14,48.02648162841797
1997-03-17,48.1583251953125
1997-03-18,47.64039611816406
1997-03-19,47.48028564453125
1997-03-20,47.23545455932617
1997-03-21,47.45415115356445
1997-03-24,48.11587905883789
1997-03-25,47.64322280883789
1997-03-26,47.85122299194336
1997-03-27,46.584495544433594
1997-03-31,45.60137939453125
1997-04-01,45.894439697265625
1997-04-02,45.071998596191406
1997-04-03,45.317771911621094
1997-04-04,45.884952545166016
1997-04-07,46.06455612182617
1997-04-08,46.395442962646484
1997-04-09,46.01730728149414
1997-04-10,45.84715270996094
1997-04-11,44.391395568847656
1997-04-14,44.986942291259766
1997-04-15,45.75263214111328
1997-04-16,46.28199768066406
1997-04-17,46.09292984008789
1997-04-18,46.31982421875
1997-04-21,46.01730728149414
1997-04-22,47.02878189086914
1997-04-23,47.076053619384766
1997-04-24,46.8397216796875
1997-04-25,46.300899505615234
1997-04-28,46.7546272277832
1997-04-29,48.229339599609375
1997-04-30,48.45621109008789
1997-05-01,48.39944076538086
1997-05-02,49.26914596557617
1997-05-05,50.441341400146484
1997-05-06,50.40349578857422
1997-05-07,49.306968688964844
1997-05-08,49.64726638793945
1997-05-09,49.987586975097656
1997-05-12,50.81943130493164
1997-05-13,50.611473083496094
1997-05-14,50.70600891113281
1997-05-15,51.04631042480469
1997-05-16,50.34677505493164
1997-05-19,50.49803924560547
1997-05-20,51.103031158447266
1997-05-21,50.989601135253906
1997-05-22,50.81943130493164
1997-05-23,51.29212188720703
1997-05-27,51.500057220458984
1997-05-28,51.49061965942383
1997-05-29,51.188106536865234
1997-05-30,51.51896286010742
1997-06-02,51.29212188720703
1997-06-03,51.1219367980957
1997-06-04,51.06521224975586
1997-06-05,51.25425338745117
1997-06-06,52.25627899169922
1997-06-09,52.520973205566406
1997-06-10,52.68168640136719
1997-06-11,52.80455780029297
1997-06-12,53.825504302978516
1997-06-13,54.27927780151367
1997-06-16,54.29813766479492
1997-06-17,54.2225341796875
1997-06-18,54.03347396850586
1997-06-19,54.59120559692383
1997-06-20,54.405208587646484
1997-06-23,53.08610916137695
1997-06-24,54.433658599853516
1997-06-25,54.0540771484375
1997-06-26,53.788333892822266
1997-06-27,53.99711608886719
1997-06-30,53.636505126953125
1997-07-01,54.262847900390625
1997-07-02,55.15492248535156
1997-07-03,55.914066314697266
1997-07-07,55.34469985961914
1997-07-08,55.923561096191406
1997-07-09,55.30674362182617
1997-07-10,55.553462982177734
1997-07-11,55.743247985839844
1997-07-14,55.914066314697266
1997-07-15,56.19877624511719
1997-07-16,56.938987731933594
1997-07-17,56.65431213378906
1997-07-18,55.4490852355957
1997-07-21,55.45856857299805
1997-07-22,56.92951202392578
1997-07-23,56.882041931152344
1997-07-24,57.14776611328125
1997-07-25,57.10980987548828
1997-07-28,57.071842193603516
1997-07-29,57.26167297363281
1997-07-30,57.944908142089844
1997-07-31,57.88795471191406
1997-08-01,57.66020202636719
1997-08-04,57.812076568603516
1997-08-05,57.849971771240234
1997-08-06,58.32450485229492
1997-08-07,57.88795471191406
1997-08-08,56.71123123168945
1997-08-11,57.128780364990234
1997-08-12,56.217742919921875
1997-08-13,56.04693603515625
1997-08-14,56.25572204589844
1997-08-15,54.52855682373047
1997-08-18,55.743247985839844
1997-08-19,56.388545989990234
1997-08-20,57.24266815185547
1997-08-21,56.236724853515625
1997-08-22,56.217742919921875
1997-08-25,56.008968353271484
1997-08-26,55.18336868286133
1997-08-27,55.515499114990234
1997-08-28,54.67090606689453
1997-08-29,54.889183044433594
1997-09-02,56.673274993896484
1997-09-03,56.36959457397461
1997-09-04,56.7302131652832
1997-09-05,56.56888961791992
1997-09-08,56.81562805175781
1997-09-09,56.84405517578125
1997-09-10,55.66734313964844
1997-09-11,55.3826789855957
1997-09-12,56.27471923828125
1997-09-15,56.17975616455078
1997-09-16,57.58430862426758
1997-09-17,57.58430862426758
1997-09-18,57.831031799316406
1997-09-19,57.92887496948242
1997-09-22,58.25273132324219
1997-09-23,57.985992431640625
1997-09-24,57.5097770690918
1997-09-25,57.109737396240234
1997-09-26,57.58598709106445
1997-09-29,58.13840866088867
1997-09-30,57.52884292602539
1997-10-01,58.29079818725586
1997-10-02,58.6146354675293
1997-10-03,58.90989685058594
1997-10-06,59.3004035949707
1997-10-07,59.852840423583984
1997-10-08,59.433780670166016
1997-10-09,59.224220275878906
1997-10-10,59.052772521972656
1997-10-13,59.109920501708984
1997-10-14,59.128963470458984
1997-10-15,58.99560546875
1997-10-16,58.062191009521484
1997-10-17,57.47169494628906
1997-10-20,58.29079818725586
1997-10-21,59.42423629760742
1997-10-22,59.03372573852539
1997-10-23,57.871707916259766
1997-10-24,57.30023956298828
1997-10-27,53.147483825683594
1997-10-28,56.21443557739258
1997-10-29,56.0620231628418
1997-10-30,54.823822021484375
1997-10-31,56.119178771972656
1997-11-03,57.30023956298828
1997-11-04,57.30023956298828
1997-11-05,57.490726470947266
1997-11-06,57.27168273925781
1997-11-07,56.652591705322266
1997-11-10,56.309688568115234
1997-11-11,56.32872772216797
1997-11-12,55.16673278808594
1997-11-13,55.96680450439453
1997-11-14,56.7287712097168
1997-11-17,57.77646255493164
1997-11-18,57.41455841064453
1997-11-19,57.70024108886719
1997-11-20,58.576534271240234
1997-11-21,58.9765510559082
1997-11-24,57.909820556640625
1997-11-25,58.062191009521484
1997-11-26,58.233646392822266
1997-11-28,58.29079818725586
1997-12-01,59.79571533203125
1997-12-02,59.433780670166016
1997-12-03,59.605186462402344
1997-12-04,59.548038482666016
1997-12-05,60.31002426147461
1997-12-08,60.13857650756836
1997-12-09,59.77663803100586
1997-12-10,59.26230239868164
1997-12-11,58.25273132324219
1997-12-12,58.36699676513672
1997-12-15,58.95753479003906
1997-12-16,59.31945037841797
1997-12-17,59.01468276977539
1997-12-18,58.44318771362305
1997-12-19,58.00639724731445
1997-12-22,58.37930679321289
1997-12-23,57.336978912353516
1997-12-24,57.16486358642578
1997-12-26,57.39436721801758
1997-12-29,58.52275466918945
1997-12-30,59.44074630737305
1997-12-31,59.402503967285156
1998-01-02,59.708492279052734
1998-01-05,59.84235382080078
1998-01-06,58.886131286621094
1998-01-07,59.03910827636719
1998-01-08,58.52275466918945
1998-01-09,56.49551773071289
1998-01-12,57.52824401855469
1998-01-13,58.33150100708008
1998-01-14,58.5992546081543
1998-01-15,58.11154556274414
1998-01-16,58.943511962890625
1998-01-20,59.89973449707031
1998-01-21,59.32600784301758
1998-01-22,58.800048828125
1998-01-23,58.71400833129883
1998-01-26,58.67574691772461
1998-01-27,59.268611907958984
1998-01-28,59.80414581298828
1998-01-29,60.12925338745117
1998-01-30,60.16747283935547
1998-02-02,61.162010192871094
1998-02-03,61.62099838256836
1998-02-04,61.544525146484375
1998-02-05,61.50627517700195
1998-02-06,62.194786071777344
1998-02-09,61.98439025878906
1998-02-10,62.5772705078125
1998-02-11,62.51987075805664
1998-02-12,62.787620544433594
1998-02-13,62.42429733276367
1998-02-17,62.730224609375
1998-02-18,63.30403518676758
1998-02-19,62.96929168701172
1998-02-20,63.43790054321289
1998-02-23,63.68655014038086
1998-02-24,63.18928146362305
1998-02-25,63.973411560058594
1998-02-26,64.33680725097656
1998-02-27,64.33680725097656
1998-03-02,64.20291900634766
1998-03-03,64.56626892089844
1998-03-04,64.14553833007812
1998-03-05,63.552642822265625
1998-03-06,64.83403778076172
1998-03-09,64.60452270507812
1998-03-10,65.216552734375
1998-03-11,65.52251434326172
1998-03-12,65.7902603149414
1998-03-13,65.54165649414062
1998-03-16,66.24927520751953
1998-03-17,66.44052124023438
1998-03-18,66.68914794921875
1998-03-19,66.86127471923828
1998-03-20,67.43701171875
1998-03-23,67.28355407714844
1998-03-24,67.85895538330078
1998-03-25,67.60960388183594
1998-03-26,67.57123565673828
1998-03-27,67.28355407714844
1998-03-30,67.24520874023438
1998-03-31,67.47537994384766
1998-04-01,68.02201080322266
1998-04-02,68.7603988647461
1998-04-03,69.10566711425781
1998-04-06,68.54944610595703
1998-04-07,68.08909606933594
1998-04-08,67.70552825927734
1998-04-09,68.2425537109375
1998-04-13,68.05072784423828
1998-04-14,68.62616729736328
1998-04-15,68.81797790527344
1998-04-16,68.01235961914062
1998-04-17,68.91388702392578
1998-04-20,68.89468383789062
1998-04-21,69.22073364257812
1998-04-22,69.41252899169922
1998-04-23,68.74124908447266
1998-04-24,68.01235961914062
1998-04-27,66.72730255126953
1998-04-28,66.63143157958984
1998-04-29,67.09178924560547
1998-04-30,68.33844757080078
1998-05-01,69.10566711425781
1998-05-04,68.93303680419922
1998-05-05,68.45356750488281
1998-05-06,67.64798736572266
1998-05-07,67.11097717285156
1998-05-08,68.20418548583984
1998-05-11,67.97404479980469
1998-05-12,68.70288848876953
1998-05-13,68.87550354003906
1998-05-14,68.53028106689453
1998-05-15,68.14665985107422
1998-05-18,67.87811279296875
1998-05-19,68.33844757080078
1998-05-20,68.99059295654297
1998-05-21,68.54944610595703
1998-05-22,68.28091430664062
1998-05-26,67.18763732910156
1998-05-27,67.28355407714844
1998-05-28,67.5904312133789
1998-05-29,66.91914367675781
1998-06-01,67.22604370117188
1998-06-02,67.28355407714844
1998-06-03,66.20947265625
1998-06-04,67.43701171875
1998-06-05,68.74124908447266
1998-06-08,68.66450500488281
1998-06-09,68.87550354003906
1998-06-10,68.43436431884766
1998-06-11,67.14930725097656
1998-06-12,67.78221893310547
1998-06-15,65.99849700927734
1998-06-16,67.01502227783203
1998-06-17,68.4151840209961
1998-06-18,68.10826110839844
1998-06-19,67.76702880859375
1998-06-22,68.0941162109375
1998-06-23,68.90225982666016
1998-06-24,69.82583618164062
1998-06-25,69.71039581298828
1998-06-26,69.9990005493164
1998-06-29,70.24913787841797
1998-06-30,69.76811981201172
1998-07-01,70.57621002197266
1998-07-02,70.71094512939453
1998-07-06,71.42285919189453
1998-07-07,71.28813171386719
1998-07-08,71.80765533447266
1998-07-09,71.32662963867188
1998-07-10,71.71143341064453
1998-07-13,71.73068237304688
1998-07-14,72.53880310058594
1998-07-15,72.40412139892578
1998-07-16,72.90440368652344
1998-07-17,73.0006103515625
1998-07-20,73.0006103515625
1998-07-21,71.73068237304688
1998-07-22,71.73068237304688
1998-07-23,70.30687713623047
1998-07-24,70.24913787841797
1998-07-27,70.7493896484375
1998-07-28,69.55644226074219
1998-07-29,69.28706359863281
1998-07-30,70.32611083984375
1998-07-31,68.82528686523438
1998-08-03,68.53668212890625
1998-08-04,65.88140869140625
1998-08-05,66.78575897216797
1998-08-06,67.07437133789062
1998-08-07,67.18982696533203
1998-08-10,66.80499267578125
1998-08-11,65.80442810058594
1998-08-12,66.92044830322266
1998-08-13,66.11231231689453
1998-08-14,65.34266662597656
1998-08-17,66.7280044555664
1998-08-18,67.95946502685547
1998-08-19,67.78626251220703
1998-08-20,67.38221740722656
1998-08-21,66.84344482421875
1998-08-24,67.26681518554688
1998-08-25,67.42069244384766
1998-08-26,67.0358657836914
1998-08-27,63.88035202026367
1998-08-28,63.649471282958984
1998-08-31,59.108551025390625
1998-09-01,61.609920501708984
1998-09-02,61.167354583740234
1998-09-03,60.68631362915039
1998-09-04,60.18607711791992
1998-09-08,63.418556213378906
1998-09-09,61.879268646240234
1998-09-10,60.64783477783203
1998-09-11,62.610443115234375
1998-09-14,63.68796920776367
1998-09-15,64.07274627685547
1998-09-16,64.6500473022461
1998-09-17,62.802860260009766
1998-09-18,63.08260726928711
1998-09-21,63.04399871826172
1998-09-22,63.5652961730957
1998-09-23,66.11412048339844
1998-09-24,64.4921646118164
1998-09-25,64.41488647460938
1998-09-28,64.99417114257812
1998-09-29,64.83972930908203
1998-09-30,62.87016677856445
1998-10-01,61.05516815185547
1998-10-02,62.23298645019531
1998-10-05,60.9779167175293
1998-10-06,60.92000198364258
1998-10-07,60.01242446899414
1998-10-08,59.68419647216797
1998-10-09,60.88135528564453
1998-10-12,61.76957321166992
1998-10-13,61.55720520019531
1998-10-14,62.13643264770508
1998-10-15,65.4769287109375
1998-10-16,65.4962158203125
1998-10-19,65.7279052734375
1998-10-20,66.11412048339844
1998-10-21,65.8824234008789
1998-10-22,66.86719512939453
1998-10-23,66.0176010131836
1998-10-26,66.50027465820312
1998-10-27,66.11412048339844
1998-10-28,65.99823760986328
1998-10-29,67.60091400146484
1998-10-30,67.96778106689453
1998-11-02,69.12629699707031
1998-11-03,68.62430572509766
1998-11-04,69.35800170898438
1998-11-05,70.30416870117188
1998-11-06,70.51654815673828
1998-11-09,70.01455688476562
1998-11-10,69.82142639160156
1998-11-11,69.35800170898438
1998-11-12,69.28082275390625
1998-11-13,69.95661163330078
1998-11-16,70.47793579101562
1998-11-17,70.47793579101562
1998-11-18,70.90274047851562
1998-11-19,71.52062225341797
1998-11-20,72.06124114990234
1998-11-23,73.76050567626953
1998-11-24,73.29708099365234
1998-11-25,73.29708099365234
1998-11-27,73.83772277832031
1998-11-30,71.75237274169922
1998-12-01,72.67919921875
1998-12-02,72.46680450439453
1998-12-03,71.26961517333984
1998-12-04,73.14257049560547
1998-12-07,73.49010467529297
1998-12-08,73.16187286376953
1998-12-09,73.29708099365234
1998-12-10,72.22541809082031
1998-12-11,72.3702392578125
1998-12-14,70.28485870361328
1998-12-15,72.09986877441406
1998-12-16,72.00334930419922
1998-12-17,73.15228271484375
1998-12-18,73.46305084228516
1998-12-21,74.4898452758789
1998-12-22,74.81918334960938
1998-12-23,76.38844299316406
1998-12-24,76.05907440185547
1998-12-28,75.86534118652344
1998-12-29,77.0665054321289
1998-12-30,76.446533203125
1998-12-31,76.446533203125
1999-01-04,76.2721939086914
1999-01-05,77.14396667480469
1999-01-06,79.00379943847656
1999-01-07,78.61632537841797
1999-01-08,79.19750213623047
1999-01-11,78.44197082519531
1999-01-12,77.02774047851562
1999-01-13,76.48528289794922
1999-01-14,75.14849853515625
1999-01-15,77.1052474975586
1999-01-19,77.60894012451172
1999-01-20,78.22885131835938
1999-01-21,76.15591430664062
1999-01-22,75.9815673828125
1999-01-25,76.7564697265625
1999-01-26,78.15142822265625
1999-01-27,77.24082946777344
1999-01-28,78.53886413574219
1999-01-29,79.13943481445312
1999-02-01,78.67447662353516
1999-02-02,78.19010925292969
1999-02-03,78.9843978881836
1999-02-04,77.80270385742188
1999-02-05,76.91149139404297
1999-02-08,77.0665054321289
1999-02-09,75.34229278564453
1999-02-10,75.82662200927734
1999-02-11,77.57018280029297
1999-02-12,76.64029693603516
1999-02-16,76.17532348632812
1999-02-17,76.09784698486328
1999-02-18,76.69841003417969
1999-02-19,77.02774047851562
1999-02-22,79.08130645751953
1999-02-23,79.04256439208984
1999-02-24,77.64767456054688
1999-02-25,76.91149139404297
1999-02-26,76.60151672363281
1999-03-01,76.81462860107422
1999-03-02,76.13655853271484
1999-03-03,76.54340362548828
1999-03-04,77.51204681396484
1999-03-05,79.07160949707031
1999-03-08,79.58500671386719
1999-03-09,79.39129638671875
1999-03-10,80.08867645263672
1999-03-11,80.97988891601562
1999-03-12,80.20491790771484
1999-03-15,81.34794616699219
1999-03-16,81.0379638671875
1999-03-17,80.68925476074219
1999-03-18,81.98726654052734
1999-03-19,80.59366607666016
1999-03-22,80.74905395507812
1999-03-23,78.41862487792969
1999-03-24,78.86531829833984
1999-03-25,80.4771728515625
1999-03-26,79.89454650878906
1999-03-29,81.50643157958984
1999-03-30,81.07917022705078
1999-03-31,79.77799987792969
1999-04-01,80.38006591796875
1999-04-05,82.28321838378906
1999-04-06,82.08904266357422
1999-04-07,82.74934387207031
1999-04-08,83.7979965209961
1999-04-09,83.81741333007812
1999-04-12,84.71070098876953
1999-04-13,84.1670150756836
1999-04-14,82.74934387207031
1999-04-15,82.4385757446289
1999-04-16,81.73946380615234
1999-04-19,80.4771728515625
1999-04-20,81.48701477050781
1999-04-21,83.81741333007812
1999-04-22,84.61365509033203
1999-04-23,84.40005493164062
1999-04-26,84.88550567626953
1999-04-27,85.29338073730469
1999-04-28,84.12816619873047
1999-04-29,83.4872817993164
1999-04-30,82.80757904052734
1999-05-03,84.3223648071289
1999-05-04,83.11832427978516
1999-05-05,83.77861022949219
1999-05-06,83.26393127441406
1999-05-07,83.89507293701172
1999-05-10,83.47755432128906
1999-05-11,84.3223648071289
1999-05-12,84.98265838623047
1999-05-13,85.35161590576172
1999-05-14,83.13777160644531
1999-05-17,83.39019012451172
1999-05-18,83.23482513427734
1999-05-19,83.83685302734375
1999-05-20,83.33191680908203
1999-05-21,82.86581420898438
1999-05-24,81.48701477050781
1999-05-25,80.16645812988281
1999-05-26,81.05975341796875
1999-05-27,79.89454650878906
1999-05-28,80.91410064697266
1999-06-01,80.63251495361328
1999-06-02,80.71016693115234
1999-06-03,81.1568603515625
1999-06-04,82.78817749023438
1999-06-07,83.00174713134766
1999-06-08,82.18610382080078
1999-06-09,82.10847473144531
1999-06-10,81.35103607177734
1999-06-11,80.67133331298828
1999-06-14,80.74905395507812
1999-06-15,81.29278564453125
1999-06-16,82.8464126586914
1999-06-17,83.62322235107422
1999-06-18,83.71984100341797
1999-06-21,83.91460418701172
1999-06-22,83.33026123046875
1999-06-23,82.92119598388672
1999-06-24,82.29788970947266
1999-06-25,82.09333038330078
1999-06-28,83.09649658203125
1999-06-29,83.87565612792969
1999-06-30,85.39498901367188
1999-07-01,86.03778076171875
1999-07-02,86.89486694335938
1999-07-06,86.87541198730469
1999-07-07,86.99227142333984
1999-07-08,87.06049346923828
1999-07-09,87.57659912109375
1999-07-12,87.18709564208984
1999-07-13,86.87541198730469
1999-07-14,87.36237335205078
1999-07-15,87.91753387451172
1999-07-16,88.3947525024414
1999-07-19,87.81039428710938
1999-07-20,86.00859069824219
1999-07-21,85.91120147705078
1999-07-22,84.78141784667969
1999-07-23,84.61581420898438
1999-07-26,83.9925765991211
1999-07-27,84.69378662109375
1999-07-28,84.96643829345703
1999-07-29,83.77831268310547
1999-07-30,82.74591827392578
1999-08-02,82.94071197509766
1999-08-03,82.55108642578125
1999-08-04,81.42131042480469
1999-08-05,82.16156768798828
1999-08-06,81.26553344726562
1999-08-09,81.09020233154297
1999-08-10,80.19419860839844
1999-08-11,81.16812133789062
1999-08-12,81.11943054199219
1999-08-13,82.99913787841797
1999-08-16,83.36923217773438
1999-08-17,83.91460418701172
1999-08-18,83.31077575683594
1999-08-19,82.62904357910156
1999-08-20,83.46659088134766
1999-08-23,85.0638656616211
1999-08-24,85.37553405761719
1999-08-25,86.2520523071289
1999-08-26,85.21973419189453
1999-08-27,84.18733978271484
1999-08-30,82.62904357910156
1999-08-31,82.3173828125
1999-09-01,83.33026123046875
1999-09-02,82.34658813476562
1999-09-03,84.75221252441406
1999-09-07,84.44055938720703
1999-09-08,84.0315170288086
1999-09-09,83.9925765991211
1999-09-10,84.69378662109375
1999-09-13,84.11917114257812
1999-09-14,83.56403350830078
1999-09-15,82.23946380615234
1999-09-16,82.56085205078125
1999-09-17,83.60404205322266
1999-09-20,83.4867935180664
1999-09-21,81.7287826538086
1999-09-22,81.64089965820312
1999-09-23,79.93167877197266
1999-09-24,79.8535385131836
1999-09-27,80.3809814453125
1999-09-28,80.22470092773438
1999-09-29,79.26762390136719
1999-09-30,80.47864532470703
1999-10-01,80.30284118652344
1999-10-04,81.7287826538086
1999-10-05,81.65068054199219
1999-10-06,82.90078735351562
1999-10-07,82.43202209472656
1999-10-08,83.68217468261719
1999-10-11,83.54540252685547
1999-10-12,82.25621032714844
1999-10-13,80.12702941894531
1999-10-14,80.10750579833984
1999-10-15,78.0564956665039
1999-10-18,78.62296295166016
1999-10-19,79.384765625
1999-10-20,80.16613006591797
1999-10-21,80.6348876953125
1999-10-22,81.31861114501953
1999-10-25,80.90836334228516
1999-10-26,79.89263916015625
1999-10-27,81.33811950683594
1999-10-28,84.11190032958984
1999-10-29,85.635498046875
1999-11-01,84.73698425292969
1999-11-02,84.13145446777344
1999-11-03,84.69791412353516
1999-11-04,85.3425064086914
1999-11-05,86.18248748779297
1999-11-08,86.2605972290039
1999-11-09,85.44996643066406
1999-11-10,86.08479309082031
1999-11-11,86.57308959960938
1999-11-12,87.35449981689453
1999-11-15,87.55957794189453
1999-11-16,88.29209899902344
1999-11-17,88.52651977539062
1999-11-18,89.15157318115234
1999-11-19,89.07347106933594
1999-11-22,89.05392456054688
1999-11-23,88.2726058959961
1999-11-24,88.74137115478516
1999-11-26,88.4093246459961
1999-11-29,88.09676361083984
1999-11-30,87.06148529052734
1999-12-01,87.7646713256836
1999-12-02,88.29209899902344
1999-12-03,89.91339111328125
1999-12-06,89.24921417236328
1999-12-07,88.52651977539062
1999-12-08,87.96000671386719
1999-12-09,88.38977813720703
1999-12-10,88.6827621459961
1999-12-13,88.8390121459961
1999-12-14,87.97956085205078
1999-12-15,88.44835662841797
1999-12-16,88.8390121459961
1999-12-17,89.40955352783203
1999-12-20,88.76336669921875
1999-12-21,90.11451721191406
1999-12-22,90.3494873046875
1999-12-23,91.78870391845703
1999-12-27,91.66143035888672
1999-12-28,91.60269927978516
1999-12-29,91.99434661865234
1999-12-30,91.88662719726562
1999-12-31,92.03353881835938
2000-01-03,91.1327133178711
2000-01-04,87.56890106201172
2000-01-05,87.72554016113281
2000-01-06,86.31566619873047
2000-01-07,91.32857513427734
2000-01-10,91.64187622070312
2000-01-11,90.5452651977539
2000-01-12,89.64457702636719
2000-01-13,90.85860443115234
2000-01-14,92.09223937988281
2000-01-18,91.36772155761719
2000-01-19,92.11186218261719
2000-01-20,90.70195007324219
2000-01-21,90.50615692138672
2000-01-24,87.94097137451172
2000-01-25,88.93958282470703
2000-01-26,88.23464965820312
2000-01-27,87.88219451904297
2000-01-28,85.14077758789062
2000-01-31,87.45146179199219
2000-02-01,88.31298065185547
2000-02-02,88.39131927490234
2000-02-03,89.72286987304688
2000-02-04,89.35083770751953
2000-02-07,89.21376037597656
2000-02-08,90.42780303955078
2000-02-09,88.52839660644531
2000-02-10,88.7046127319336
2000-02-11,86.90311431884766
2000-02-14,87.41223907470703
2000-02-15,88.4011001586914
2000-02-16,87.09892272949219
2000-02-17,86.64857482910156
2000-02-18,84.788330078125
2000-02-22,84.57290649414062
2000-02-23,85.57157135009766
2000-02-24,83.84839630126953
2000-02-25,83.54492950439453
2000-02-28,85.29745483398438
2000-02-29,86.11988830566406
2000-03-01,86.7464828491211
2000-03-02,86.80520629882812
2000-03-03,88.43048858642578
2000-03-06,87.56890106201172
2000-03-07,85.87512969970703
2000-03-08,85.76742553710938
2000-03-09,88.27385711669922
2000-03-10,87.8038558959961
2000-03-13,86.84437561035156
2000-03-14,85.61074829101562
2000-03-15,87.60807037353516
2000-03-16,91.70061492919922
2000-03-17,92.30665588378906
2000-03-20,91.83551025390625
2000-03-21,93.72016143798828
2000-03-22,94.28942108154297
2000-03-23,95.89925384521484
2000-03-24,96.4685287475586
2000-03-27,95.44771575927734
2000-03-28,94.89798736572266
2000-03-29,94.99622344970703
2000-03-30,93.40602111816406
2000-03-31,94.46613311767578
2000-04-03,95.01580047607422
2000-04-04,94.3091049194336
2000-04-05,93.72016143798828
2000-04-06,94.53483581542969
2000-04-07,95.1335678100586
2000-04-10,94.76058959960938
2000-04-11,94.48580169677734
2000-04-12,91.8944091796875
2000-04-13,90.61835479736328
2000-04-14,85.4356918334961
2000-04-17,88.419677734375
2000-04-18,90.75575256347656
2000-04-19,89.91157531738281
2000-04-20,90.34349822998047
2000-04-24,89.36198425292969
2000-04-25,93.07227325439453
2000-04-26,92.0219955444336
2000-04-27,91.71772003173828
2000-04-28,91.14844512939453
2000-05-01,92.38520812988281
2000-05-02,90.53984832763672
2000-05-03,88.419677734375
2000-05-04,89.08708190917969
2000-05-05,90.16683959960938
2000-05-08,89.48954772949219
2000-05-09,88.77304077148438
2000-05-10,86.77061462402344
2000-05-11,88.75341033935547
2000-05-12,89.71533203125
2000-05-15,91.26622009277344
2000-05-16,92.14961242675781
2000-05-17,91.18766784667969
2000-05-18,90.06871032714844
2000-05-19,88.65523529052734
2000-05-22,87.98780822753906
2000-05-23,86.69210815429688
2000-05-24,88.10556030273438
2000-05-25,86.59396362304688
2000-05-26,86.69210815429688
2000-05-30,89.5190200805664
2000-05-31,89.71533203125
2000-06-01,91.28584289550781
2000-06-02,92.87603759765625
2000-06-05,92.4244155883789
2000-06-06,92.01223754882812
2000-06-07,92.65023040771484
2000-06-08,92.28702545166016
2000-06-09,92.09072875976562
2000-06-12,91.01099395751953
2000-06-13,92.71894836425781
2000-06-14,92.87603759765625
2000-06-15,93.07227325439453
2000-06-16,92.30755615234375
2000-06-19,93.48822784423828
2000-06-20,93.15369415283203
2000-06-21,93.11432647705078
2000-06-22,91.69754028320312
2000-06-23,90.9104232788086
2000-06-26,92.08126831054688
2000-06-27,91.4023666381836
2000-06-28,91.65817260742188
2000-06-29,90.79237365722656
2000-06-30,91.48109436035156
2000-07-03,92.74044799804688
2000-07-05,91.06785583496094
2000-07-06,91.77622985839844
2000-07-07,93.2520523071289
2000-07-10,93.0947036743164
2000-07-11,93.2914047241211
2000-07-12,93.90142822265625
2000-07-13,94.31468963623047
2000-07-14,95.2395248413086
2000-07-17,95.08208465576172
2000-07-18,94.30485534667969
2000-07-19,93.54722595214844
2000-07-20,94.84597778320312
2000-07-21,92.99626922607422
2000-07-24,92.46495819091797
2000-07-25,92.7601089477539
2000-07-26,91.8549575805664
2000-07-27,91.54014587402344
2000-07-28,89.47399139404297
2000-07-31,90.0446548461914
2000-08-01,90.5956039428711
2000-08-02,91.04818725585938
2000-08-03,91.67784881591797
2000-08-04,92.16984558105469
2000-08-07,93.27177429199219
2000-08-08,93.62591552734375
2000-08-09,92.83882904052734
2000-08-10,92.38628387451172
2000-08-11,92.8191909790039
2000-08-14,93.99983978271484
2000-08-15,93.92112731933594
2000-08-16,93.58656311035156
2000-08-17,94.57050323486328
2000-08-18,94.25563049316406
2000-08-21,94.76724243164062
2000-08-22,94.60982513427734
2000-08-23,94.98371887207031
2000-08-24,95.27887725830078
2000-08-25,95.2395248413086
2000-08-28,95.56417846679688
2000-08-29,95.58387756347656
2000-08-30,94.66885375976562
2000-08-31,95.92819213867188
2000-09-01,96.02662658691406
2000-09-05,95.25920104980469
2000-09-06,94.17691040039062
2000-09-07,94.98371887207031
2000-09-08,94.3343276977539
2000-09-11,94.19662475585938
2000-09-12,93.50787353515625
2000-09-13,93.75386047363281
2000-09-14,94.22613525390625
2000-09-15,92.16459655761719
2000-09-18,91.3163833618164
2000-09-19,92.1448745727539
2000-09-20,91.46435546875
2000-09-21,90.07355499267578
2000-09-22,91.7109146118164
2000-09-25,91.05992889404297
2000-09-26,89.89602661132812
2000-09-27,90.36947631835938
2000-09-28,91.53336334228516
2000-09-29,90.6653823852539
2000-10-02,90.80348205566406
2000-10-03,89.9552230834961
2000-10-04,90.7048568725586
2000-10-05,91.02047729492188
2000-10-06,89.0477523803711
2000-10-09,88.37704467773438
2000-10-10,86.91725158691406
2000-10-11,86.1873550415039
2000-10-12,84.03711700439453
2000-10-13,86.83831024169922
2000-10-16,87.2328872680664
2000-10-17,85.06291961669922
2000-10-18,84.74727630615234
2000-10-19,87.94306182861328
2000-10-20,88.31788635253906
2000-10-23,88.7124252319336
2000-10-24,88.12059020996094
2000-10-25,86.04924011230469
2000-10-26,86.28598022460938
2000-10-27,87.92333221435547
2000-10-30,88.7124252319336
2000-10-31,90.24126434326172
2000-11-01,89.93550872802734
2000-11-02,90.08341979980469
2000-11-03,90.13273620605469
2000-11-06,90.7640380859375
2000-11-07,90.74430084228516
2000-11-08,88.7321548461914
2000-11-09,88.39677429199219
2000-11-10,86.2465591430664
2000-11-13,85.57584381103516
2000-11-14,87.82469177246094
2000-11-15,88.10091400146484
2000-11-16,86.71996307373047
2000-11-17,86.25640106201172
2000-11-20,85.02347564697266
2000-11-21,85.45747375488281
2000-11-22,83.41572570800781
2000-11-24,85.1220932006836
2000-11-27,85.87173461914062
2000-11-28,84.39221954345703
2000-11-29,84.23439025878906
2000-11-30,83.50448608398438
2000-12-01,83.46501922607422
2000-12-04,84.1751937866211
2000-12-05,86.93697357177734
2000-12-06,85.54622650146484
2000-12-07,84.37248992919922
2000-12-08,84.56973266601562
2000-12-11,87.50907135009766
2000-12-12,87.13422393798828
2000-12-13,85.94076538085938
2000-12-14,84.84590148925781
2000-12-15,82.92951965332031
2000-12-18,84.0376205444336
2000-12-19,82.32603454589844
2000-12-20,79.94161224365234
2000-12-21,80.49564361572266
2000-12-22,82.9097671508789
2000-12-26,83.80016326904297
2000-12-27,84.41358947753906
2000-12-28,84.67082214355469
2000-12-29,83.06803131103516
2001-01-02,81.56424713134766
2001-01-03,85.48216247558594
2001-01-04,84.56200408935547
2001-01-05,81.80165100097656
2001-01-08,82.434814453125
2001-01-09,82.2171859741211
2001-01-10,83.66165924072266
2001-01-11,83.74082946777344
2001-01-12,83.58252716064453
2001-01-16,84.11678314208984
2001-01-17,84.50264739990234
2001-01-18,85.3436279296875
2001-01-19,84.85882568359375
2001-01-22,85.4227523803711
2001-01-23,86.09556579589844
2001-01-24,86.3528060913086
2001-01-25,86.13512420654297
2001-01-26,86.03614807128906
2001-01-29,86.49530029296875
2001-01-30,87.25508880615234
2001-01-31,86.76119232177734
2001-02-01,87.33741760253906
2001-02-02,85.35547637939453
2001-02-05,85.98231506347656
2001-02-06,85.72908782958984
2001-02-07,85.28584289550781
2001-02-08,84.29169464111328
2001-02-09,83.48119354248047
2001-02-12,84.43732452392578
2001-02-13,83.74713134765625
2001-02-14,83.62052154541016
2001-02-15,84.43101501464844
2001-02-16,82.56936645507812
2001-02-20,81.2966537475586
2001-02-21,79.54271697998047
2001-02-22,79.66302490234375
2001-02-23,79.12480163574219
2001-02-26,80.80911254882812
2001-02-27,80.06194305419922
2001-02-28,78.48527526855469
2001-03-01,78.89679718017578
2001-03-02,78.26997375488281
2001-03-05,78.98553466796875
2001-03-06,79.83399963378906
2001-03-07,80.40386962890625
2001-03-08,80.49251556396484
2001-03-09,78.11164855957031
2001-03-12,74.76839447021484
2001-03-13,75.99676513671875
2001-03-14,74.49609375
2001-03-15,74.5151138305664
2001-03-16,73.0204849243164
2001-03-19,74.50618743896484
2001-03-20,72.5062484741211
2001-03-21,71.27450561523438
2001-03-22,70.55075073242188
2001-03-23,72.68404388427734
2001-03-26,73.61094665527344
2001-03-27,75.11571502685547
2001-03-28,73.03955078125
2001-03-29,73.31893157958984
2001-03-30,74.08719635009766
2001-04-02,72.5062484741211
2001-04-03,70.08721923828125
2001-04-04,70.37931823730469
2001-04-05,73.0458984375
2001-04-06,71.93482208251953
2001-04-09,72.73480987548828
2001-04-10,74.06179809570312
2001-04-11,74.112548828125
2001-04-12,75.45855712890625
2001-04-16,74.6649398803711
2001-04-17,75.71886444091797
2001-04-18,78.72832489013672
2001-04-19,79.77590942382812
2001-04-20,79.0457992553711
2001-04-23,77.61087799072266
2001-04-24,77.19184875488281
2001-04-25,78.20137023925781
2001-04-26,78.55055236816406
2001-04-27,79.85845947265625
2001-04-30,80.41716766357422
2001-05-01,80.66478729248047
2001-05-02,80.51875305175781
2001-05-03,79.4965591430664
2001-05-04,80.8488998413086
2001-05-07,80.15048217773438
2001-05-08,80.11241912841797
2001-05-09,79.77590942382812
2001-05-10,80.01084899902344
2001-05-11,79.45849609375
2001-05-14,79.61717987060547
2001-05-15,79.98542022705078
2001-05-16,81.87107849121094
2001-05-17,81.99811553955078
2001-05-18,82.3726806640625
2001-05-21,83.58535766601562
2001-05-22,83.47742462158203
2001-05-23,82.06161499023438
2001-05-24,82.3028564453125
2001-05-25,81.33142852783203
2001-05-29,80.68382263183594
2001-05-30,79.55371856689453
2001-05-31,79.96640014648438
2001-06-01,80.46158599853516
2001-06-04,80.8488998413086
2001-06-05,81.77587890625
2001-06-06,81.09651184082031
2001-06-07,81.3885726928711
2001-06-08,80.63304901123047
2001-06-11,80.06163787841797
2001-06-12,79.92194366455078
2001-06-13,79.23621368408203
2001-06-14,77.45853424072266
2001-06-15,77.58330535888672
2001-06-18,77.2076644897461
2001-06-19,77.54509735107422
2001-06-20,77.95259094238281
2001-06-21,78.83763122558594
2001-06-22,78.2200698852539
2001-06-25,77.50054931640625
2001-06-26,77.39230346679688
2001-06-27,77.34771728515625
2001-06-28,77.77433776855469
2001-06-29,78.06083679199219
2001-07-02,79.0350112915039
2001-07-03,79.0158920288086
2001-07-05,77.4750747680664
2001-07-06,75.800537109375
2001-07-09,76.21436309814453
2001-07-10,75.29751586914062
2001-07-11,75.3738784790039
2001-07-12,77.1630630493164
2001-07-13,77.83159637451172
2001-07-16,76.8574447631836
2001-07-17,77.57693481445312
2001-07-18,77.0484848022461
2001-07-19,77.723388671875
2001-07-20,77.25859069824219
2001-07-23,75.73682403564453
2001-07-24,75.00458526611328
2001-07-25,75.83235168457031
2001-07-26,76.62826538085938
2001-07-27,76.92112731933594
2001-07-30,76.94660949707031
2001-07-31,77.26493835449219
2001-08-01,77.74885559082031
2001-08-02,78.06716918945312
2001-08-03,77.64061737060547
2001-08-06,76.5964126586914
2001-08-07,76.89566040039062
2001-08-08,75.46944427490234
2001-08-09,75.69225311279297
2001-08-10,75.95332336425781
2001-08-13,75.97242736816406
2001-08-14,75.9405746459961
2001-08-15,75.28480529785156
2001-08-16,75.54586029052734
2001-08-17,74.33604431152344
2001-08-20,75.02371215820312
2001-08-21,73.7439193725586
2001-08-22,74.50798797607422
2001-08-23,74.24058532714844
2001-08-24,75.78144073486328
2001-08-27,75.32937622070312
2001-08-28,74.22782135009766
2001-08-29,73.5656509399414
2001-08-30,72.15214538574219
2001-08-31,72.68061065673828
2001-09-04,72.2158203125
2001-09-05,72.39408874511719
2001-09-06,70.52854919433594
2001-09-07,69.22328186035156
2001-09-10,70.07013702392578
2001-09-17,66.40901947021484
2001-09-18,66.24981689453125
2001-09-19,64.9127197265625
2001-09-20,62.8498420715332
2001-09-21,62.17170715332031
2001-09-24,64.357421875
2001-09-25,65.02848815917969
2001-09-26,64.7984390258789
2001-09-27,65.36080932617188
2001-09-28,66.74765014648438
2001-10-01,66.63903045654297
2001-10-02,67.47625732421875
2001-10-03,68.60743713378906
2001-10-04,68.66497039794922
2001-10-05,68.53075408935547
2001-10-08,68.08338165283203
2001-10-09,67.7190933227539
2001-10-10,69.22740936279297
2001-10-11,70.30107116699219
2001-10-12,69.98153686523438
2001-10-15,69.85371398925781
2001-10-16,70.29468536376953
2001-10-17,68.7991714477539
2001-10-18,68.65222930908203
2001-10-19,68.60743713378906
2001-10-22,69.96234130859375
2001-10-23,69.60446166992188
2001-10-24,69.41911315917969
2001-10-25,70.66532897949219
2001-10-26,70.505615234375
2001-10-29,68.67137908935547
2001-10-30,67.84695434570312
2001-10-31,67.61686706542969
2001-11-01,69.34879302978516
2001-11-02,69.82176208496094
2001-11-05,70.73566436767578
2001-11-06,71.83488464355469
2001-11-07,71.73905181884766
2001-11-08,71.96271514892578
2001-11-09,72.0394058227539
2001-11-12,71.59844970703125
2001-11-13,73.2090072631836
2001-11-14,73.27928924560547
2001-11-15,73.41353607177734
2001-11-16,73.08756256103516
2001-11-19,73.98865509033203
2001-11-20,73.3687744140625
2001-11-21,72.88307189941406
2001-11-23,73.93114471435547
2001-11-26,74.09095764160156
2001-11-27,73.77136993408203
2001-11-28,72.4356918334961
2001-11-29,73.41353607177734
2001-11-30,72.88945007324219
2001-12-03,72.45488739013672
2001-12-04,73.68191528320312
2001-12-05,75.0304183959961
2001-12-06,74.99205780029297
2001-12-07,74.49360656738281
2001-12-10,73.10033416748047
2001-12-11,72.95333099365234
2001-12-12,73.03639221191406
2001-12-13,71.61762237548828
2001-12-14,72.30146789550781
2001-12-17,73.04922485351562
2001-12-18,73.4837875366211
2001-12-19,74.00147247314453
2001-12-20,73.27288055419922
2001-12-21,73.71734619140625
2001-12-24,73.57621002197266
2001-12-26,73.9802017211914
2001-12-27,74.42916870117188
2001-12-28,74.39065551757812
2001-12-31,73.30048370361328
2002-01-02,74.08927917480469
2002-01-03,74.92932891845703
2002-01-04,75.42958068847656
2002-01-07,74.89727020263672
2002-01-08,74.72413635253906
2002-01-09,74.11494445800781
2002-01-10,74.44197082519531
2002-01-11,73.7109146118164
2002-01-14,73.2491455078125
2002-01-15,73.84557342529297
2002-01-16,72.35134887695312
2002-01-17,72.89645385742188
2002-01-18,72.56298828125
2002-01-22,72.06275177001953
2002-01-23,72.61428833007812
2002-01-24,72.8387451171875
2002-01-25,72.81949615478516
2002-01-28,73.01827239990234
2002-01-29,70.7224349975586
2002-01-30,71.74209594726562
2002-01-31,72.58223724365234
2002-02-01,72.2423095703125
2002-02-04,70.4466781616211
2002-02-05,70.01061248779297
2002-02-06,69.70915985107422
2002-02-07,69.2730941772461
2002-02-08,70.6005859375
2002-02-11,71.46630859375
2002-02-12,71.24186706542969
2002-02-13,71.9986572265625
2002-02-14,71.86393737792969
2002-02-15,71.11363220214844
2002-02-19,69.7476577758789
2002-02-20,70.92124938964844
2002-02-21,69.45265197753906
2002-02-22,70.31200408935547
2002-02-25,71.4727554321289
2002-02-26,71.32525634765625
2002-02-27,71.60102081298828
2002-02-28,71.2803955078125
2002-03-01,72.94131469726562
2002-03-04,74.2303695678711
2002-03-05,73.99308013916016
2002-03-06,74.87165069580078
2002-03-07,74.7113265991211
2002-03-08,75.02557373046875
2002-03-11,75.18590545654297
2002-03-12,75.14099884033203
2002-03-13,74.41632080078125
2002-03-14,74.3137435913086
2002-03-15,75.0218276977539
2002-03-18,75.03466033935547
2002-03-19,75.53631591796875
2002-03-20,74.114990234375
2002-03-21,74.14716339111328
2002-03-22,73.9863510131836
2002-03-25,73.06671905517578
2002-03-26,73.49114990234375
2002-03-27,73.68408203125
2002-03-28,73.65193939208984
2002-04-01,73.68408203125
2002-04-02,73.2789077758789
2002-04-03,72.7644271850586
2002-04-04,72.46215057373047
2002-04-05,72.47496795654297
2002-04-08,72.62933349609375
2002-04-09,72.12129211425781
2002-04-10,72.93805694580078
2002-04-11,71.1244125366211
2002-04-12,71.6581802368164
2002-04-15,71.11153411865234
2002-04-16,72.80300903320312
2002-04-17,72.64867401123047
2002-04-18,72.33350372314453
2002-04-19,72.59719848632812
2002-04-22,71.38807678222656
2002-04-23,71.07939147949219
2002-04-24,70.36547088623047
2002-04-25,70.40406799316406
2002-04-26,69.06639862060547
2002-04-29,68.72550201416016
2002-04-30,69.36862182617188
2002-05-01,70.21760559082031
2002-05-02,69.94744873046875
2002-05-03,69.18855285644531
2002-05-06,67.83155822753906
2002-05-07,67.59358978271484
2002-05-08,70.1082992553711
2002-05-09,69.29789733886719
2002-05-10,67.99234771728516
2002-05-13,69.37506103515625
2002-05-14,70.88645935058594
2002-05-15,70.60992431640625
2002-05-16,70.97649383544922
2002-05-17,71.3237533569336
2002-05-20,70.552001953125
2002-05-21,69.90885925292969
2002-05-22,70.063232421875
2002-05-23,70.80926513671875
2002-05-24,69.9024429321289
2002-05-28,69.52300262451172
2002-05-29,69.00849151611328
2002-05-30,68.81553649902344
2002-05-31,68.95706939697266
2002-06-03,67.12409210205078
2002-06-04,67.29132843017578
2002-06-05,67.92161560058594
2002-06-06,66.53884887695312
2002-06-07,66.461669921875
2002-06-10,66.71891021728516
2002-06-11,65.57413482666016
2002-06-12,65.97289276123047
2002-06-13,65.3104476928711
2002-06-14,65.21400451660156
2002-06-17,66.96333312988281
2002-06-18,67.5099868774414
2002-06-19,65.9343032836914
2002-06-20,65.09178161621094
2002-06-21,64.07402801513672
2002-06-24,64.40962219238281
2002-06-25,62.96393966674805
2002-06-26,63.06724166870117
2002-06-27,64.17085266113281
2002-06-28,63.86747360229492
2002-07-01,62.621883392333984
2002-07-02,61.292396545410156
2002-07-03,61.64091491699219
2002-07-05,64.0933609008789
2002-07-08,63.29309844970703
2002-07-09,61.69900131225586
2002-07-10,59.45305633544922
2002-07-11,59.93709182739258
2002-07-12,59.27876281738281
2002-07-15,59.59502029418945
2002-07-16,58.44626235961914
2002-07-17,58.562408447265625
2002-07-18,56.66498947143555
2002-07-19,54.67073059082031
2002-07-22,53.05078125
2002-07-23,51.59867858886719
2002-07-24,54.67717361450195
2002-07-25,54.21249771118164
2002-07-26,55.2451286315918
2002-07-29,57.93637466430664
2002-07-30,58.69145584106445
2002-07-31,58.83349609375
2002-08-01,57.2974739074707
2002-08-02,56.01313781738281
2002-08-05,54.06406784057617
2002-08-06,55.88407516479492
2002-08-07,56.85857391357422
2002-08-08,58.69791793823242
2002-08-09,58.91740417480469
2002-08-12,58.48493576049805
2002-08-13,57.420101165771484
2002-08-14,59.5175895690918
2002-08-15,60.343685150146484
2002-08-16,60.162960052490234
2002-08-19,61.56993103027344
2002-08-20,60.918067932128906
2002-08-21,61.795772552490234
2002-08-22,62.39600372314453
2002-08-23,61.05361557006836
2002-08-26,61.47954177856445
2002-08-27,60.769676208496094
2002-08-28,59.440162658691406
2002-08-29,59.4659309387207
2002-08-30,59.23359298706055
2002-09-03,56.97476577758789
2002-09-04,57.787925720214844
2002-09-05,57.2974739074707
2002-09-06,58.084800720214844
2002-09-09,58.51079177856445
2002-09-10,59.1819953918457
2002-09-11,58.8140869140625
2002-09-12,57.7298469543457
2002-09-13,57.87184143066406
2002-09-16,58.01385498046875
2002-09-17,56.684364318847656
2002-09-18,56.11638259887695
2002-09-19,54.66425704956055
2002-09-20,54.68241500854492
2002-09-23,54.23511505126953
2002-09-24,53.359928131103516
2002-09-25,54.68241500854492
2002-09-26,55.577049255371094
2002-09-27,53.64516830444336
2002-09-30,53.0228157043457
2002-10-01,55.570560455322266
2002-10-02,53.90446853637695
2002-10-03,53.359928131103516
2002-10-04,52.38103485107422
2002-10-07,51.29838562011719
2002-10-08,52.10227966308594
2002-10-09,50.63066482543945
2002-10-10,52.27082824707031
2002-10-11,54.55925750732422
2002-10-14,54.86393737792969
2002-10-15,57.50244903564453
2002-10-16,56.108665466308594
2002-10-17,57.223663330078125
2002-10-18,57.46356201171875
2002-10-21,58.455413818359375
2002-10-22,58.03404998779297
2002-10-23,58.47486114501953
2002-10-24,57.28205108642578
2002-10-25,58.47486114501953
2002-10-28,58.09237289428711
2002-10-29,57.41815948486328
2002-10-30,57.9757080078125
2002-10-31,57.3857536315918
2002-11-01,58.52024459838867
2002-11-04,59.07775115966797
2002-11-05,59.54451370239258
2002-11-06,60.31596755981445
2002-11-07,58.837921142578125
2002-11-08,58.118289947509766
2002-11-11,57.21720504760742
2002-11-12,57.67099380493164
2002-11-13,57.729331970214844
2002-11-14,58.81843185424805
2002-11-15,59.2527961730957
2002-11-18,58.656402587890625
2002-11-19,58.57860565185547
2002-11-20,59.88164520263672
2002-11-21,60.99665451049805
2002-11-22,60.56232833862305
2002-11-25,60.60121536254883
2002-11-26,59.447288513183594
2002-11-27,61.119842529296875
2002-11-29,60.92536544799805
2002-12-02,61.02261734008789
2002-12-03,60.20576858520508
2002-12-04,59.933494567871094
2002-12-05,59.27226257324219
2002-12-06,59.66122055053711
2002-12-09,58.021053314208984
2002-12-10,58.79897689819336
2002-12-11,58.850868225097656
2002-12-12,58.844383239746094
2002-12-13,57.917354583740234
2002-12-16,59.414878845214844
2002-12-17,58.896278381347656
2002-12-18,58.21554183959961
2002-12-19,57.80064392089844
2002-12-20,58.62540817260742
2002-12-23,58.644962310791016
2002-12-24,58.20844650268555
2002-12-26,58.234561920166016
2002-12-27,56.925071716308594
2002-12-30,57.40066146850586
2002-12-31,57.47886657714844
2003-01-02,59.32899475097656
2003-01-03,59.51142120361328
2003-01-06,60.560272216796875
2003-01-07,60.41044998168945
2003-01-08,59.53744888305664
2003-01-09,60.4625129699707
2003-01-10,60.62543869018555
2003-01-13,60.60591506958008
2003-01-14,60.80131530761719
2003-01-15,60.195430755615234
2003-01-16,59.94789123535156
2003-01-17,59.061912536621094
2003-01-21,58.143333435058594
2003-01-22,57.43974685668945
2003-01-23,57.791542053222656
2003-01-24,56.27360916137695
2003-01-27,55.504886627197266
2003-01-28,55.915313720703125
2003-01-29,56.33875274658203
2003-01-30,55.00325393676758
2003-01-31,56.06515121459961
2003-02-03,56.175926208496094
2003-02-04,55.62217330932617
2003-02-05,55.276885986328125
2003-02-06,55.01628112792969
2003-02-07,54.34527587890625
2003-02-10,54.729637145996094
2003-02-11,54.3517951965332
2003-02-12,53.48530960083008
2003-02-13,53.648193359375
2003-02-14,54.820838928222656
2003-02-18,55.785011291503906
2003-02-19,55.49187088012695
2003-02-20,54.938133239746094
2003-02-21,55.49187088012695
2003-02-24,54.592838287353516
2003-02-25,55.0293083190918
2003-02-26,54.22801971435547
2003-02-27,54.94462966918945
2003-02-28,55.30946350097656
2003-03-03,54.78176498413086
2003-03-04,53.90877914428711
2003-03-05,54.36483383178711
2003-03-06,53.90877914428711
2003-03-07,54.2801399230957
2003-03-10,52.9771842956543
2003-03-11,52.456016540527344
2003-03-12,52.80784225463867
2003-03-13,54.631927490234375
2003-03-14,54.80781173706055
2003-03-17,56.53419876098633
2003-03-18,56.8664436340332
2003-03-19,57.302940368652344
2003-03-20,57.42670440673828
2003-03-21,58.65249252319336
2003-03-24,56.70327377319336
2003-03-25,57.24618148803711
2003-03-26,56.95838165283203
2003-03-27,57.00416946411133
2003-03-28,56.71638488769531
2003-03-31,55.42778015136719
2003-04-01,56.27812576293945
2003-04-02,57.63862991333008
2003-04-03,57.363922119140625
2003-04-04,57.70404815673828
2003-04-07,57.59283447265625
2003-04-08,57.68446350097656
2003-04-09,56.92567825317383
2003-04-10,57.239620208740234
2003-04-11,57.00416946411133
2003-04-14,58.18153381347656
2003-04-15,58.72441864013672
2003-04-16,57.72364807128906
2003-04-17,58.5805549621582
2003-04-21,58.639381408691406
2003-04-22,59.74481964111328
2003-04-23,60.29426956176758
2003-04-24,59.757904052734375
2003-04-25,59.0187873840332
2003-04-28,60.0391731262207
2003-04-29,60.24846267700195
2003-04-30,60.117645263671875
2003-05-01,60.11107635498047
2003-05-02,60.967987060546875
2003-05-05,60.850242614746094
2003-05-06,61.42585372924805
2003-05-07,61.085697174072266
2003-05-08,60.470848083496094
2003-05-09,61.30811309814453
2003-05-12,62.06031036376953
2003-05-13,61.9491081237793
2003-05-14,61.81828308105469
2003-05-15,62.21073532104492
2003-05-16,62.05373764038086
2003-05-19,60.6016960144043
2003-05-20,60.477394104003906
2003-05-21,60.6016960144043
2003-05-22,61.20343780517578
2003-05-23,61.32773208618164
2003-05-27,62.400421142578125
2003-05-28,62.57705307006836
2003-05-29,62.41353225708008
2003-05-30,63.41429138183594
2003-06-02,63.6759033203125
2003-06-03,63.93754196166992
2003-06-04,64.85984802246094
2003-06-05,65.18034362792969
2003-06-06,64.92523193359375
2003-06-09,64.26461791992188
2003-06-10,64.91869354248047
2003-06-11,65.6054916381836
2003-06-12,65.8082504272461
2003-06-13,65.12145233154297
2003-06-16,66.49502563476562
2003-06-17,66.49502563476562
2003-06-18,66.43619537353516
2003-06-19,65.4223403930664
2003-06-20,65.27792358398438
2003-06-23,64.60832977294922
2003-06-24,64.67398834228516
2003-06-25,64.02405548095703
2003-06-26,64.85781860351562
2003-06-27,64.10942077636719
2003-06-30,64.08973693847656
2003-07-01,64.68053436279297
2003-07-02,65.49455261230469
2003-07-03,64.81841278076172
2003-07-07,66.10505676269531
2003-07-08,66.40045928955078
2003-07-09,66.0262680053711
2003-07-10,65.1860122680664
2003-07-11,65.80305480957031
2003-07-14,66.12477111816406
2003-07-15,65.98035430908203
2003-07-16,65.59298706054688
2003-07-17,64.66084289550781
2003-07-18,65.3238525390625
2003-07-21,64.5164566040039
2003-07-22,65.10070037841797
2003-07-23,65.14663696289062
2003-07-24,64.65430450439453
2003-07-25,65.79651641845703
2003-07-28,65.55365753173828
2003-07-29,65.25167846679688
2003-07-30,65.09412384033203
2003-07-31,65.24510955810547
2003-08-01,64.66739654541016
2003-08-04,64.66739654541016
2003-08-05,63.295406341552734
2003-08-06,63.66304397583008
2003-08-07,64.33261108398438
2003-08-08,64.5164566040039
2003-08-11,64.75930786132812
2003-08-12,65.35014343261719
2003-08-13,65.01533508300781
2003-08-14,65.19254302978516
2003-08-15,65.39608001708984
2003-08-18,65.96064758300781
2003-08-19,66.21009063720703
2003-08-20,65.9409408569336
2003-08-21,66.1510009765625
2003-08-22,65.49455261230469
2003-08-25,65.59954833984375
2003-08-26,65.71775817871094
2003-08-27,65.73744201660156
2003-08-28,66.14445495605469
2003-08-29,66.5908203125
2003-09-02,67.4836196899414
2003-09-03,67.85122680664062
2003-09-04,67.88407897949219
2003-09-05,67.5033187866211
2003-09-08,68.0612564086914
2003-09-09,67.61490631103516
2003-09-10,66.93217468261719
2003-09-11,67.12916564941406
2003-09-12,67.25386810302734
2003-09-15,67.01752471923828
2003-09-16,67.99566650390625
2003-09-17,67.8643569946289
2003-09-18,68.66521453857422
2003-09-19,68.31597137451172
2003-09-22,67.57793426513672
2003-09-23,67.8349380493164
2003-09-24,66.62901306152344
2003-09-25,66.08203887939453
2003-09-26,65.86460876464844
2003-09-29,66.5103988647461
2003-09-30,65.86460876464844
2003-10-01,67.26819610595703
2003-10-02,67.51203918457031
2003-10-03,68.13141632080078
2003-10-06,68.4411849975586
2003-10-07,68.70477294921875
2003-10-08,68.53343200683594
2003-10-09,68.71794891357422
2003-10-10,68.90907287597656
2003-10-13,69.12651062011719
2003-10-14,69.37033081054688
2003-10-15,69.18582916259766
2003-10-16,69.46259307861328
2003-10-17,68.70477294921875
2003-10-20,69.21875762939453
2003-10-21,69.10016632080078
2003-10-22,68.23029327392578
2003-10-23,68.10508728027344
2003-10-24,68.25668334960938
2003-10-27,68.28958892822266
2003-10-28,69.21875762939453
2003-10-29,69.31104278564453
2003-10-30,69.45600891113281
2003-10-31,69.3901138305664
2003-11-03,69.84483337402344
2003-11-04,69.6932144165039
2003-11-05,69.74592590332031
2003-11-06,70.11495971679688
2003-11-07,69.59442138671875
2003-11-10,69.31104278564453
2003-11-11,69.29125213623047
2003-11-12,70.0688705444336
2003-11-13,70.08858489990234
2003-11-14,69.49555969238281
2003-11-17,69.14627075195312
2003-11-18,68.4280014038086
2003-11-19,69.00788116455078
2003-11-20,68.38846588134766
2003-11-21,68.67182922363281
2003-11-24,69.58118438720703
2003-11-25,69.84483337402344
2003-11-26,70.09520721435547
2003-11-28,70.14791870117188
2003-12-01,70.90573120117188
2003-12-02,70.72782897949219
2003-12-03,70.61580657958984
2003-12-04,70.90573120117188
2003-12-05,70.41151428222656
2003-12-08,70.88597106933594
2003-12-09,70.33903503417969
2003-12-10,70.33241271972656
2003-12-11,71.12321472167969
2003-12-12,71.26161193847656
2003-12-15,70.90573120117188
2003-12-16,71.2748031616211
2003-12-17,71.49884033203125
2003-12-18,72.30276489257812
2003-12-19,72.10151672363281
2003-12-22,72.60469818115234
2003-12-23,72.65104675292969
2003-12-24,72.57819366455078
2003-12-26,72.63117980957031
2003-12-29,73.59783172607422
2003-12-30,73.61103820800781
2003-12-31,73.6772689819336
2004-01-02,73.64417266845703
2004-01-05,74.44530487060547
2004-01-06,74.51811218261719
2004-01-07,74.76969909667969
2004-01-08,75.0676498413086
2004-01-09,74.41217041015625
2004-01-12,74.96170806884766
2004-01-13,74.52476501464844
2004-01-14,75.14705657958984
2004-01-15,75.3324966430664
2004-01-16,75.63043975830078
2004-01-20,75.6105728149414
2004-01-21,76.20648193359375
2004-01-22,76.00782012939453
2004-01-23,75.76280975341797
2004-01-26,76.7162857055664
2004-01-27,75.92839050292969
2004-01-28,75.06107330322266
2004-01-29,75.13386535644531
2004-01-30,75.13386535644531
2004-02-02,75.4582748413086
2004-02-03,75.3324966430664
2004-02-04,74.71676635742188
2004-02-05,74.93524932861328
2004-02-06,75.77607727050781
2004-02-09,75.79597473144531
2004-02-10,76.04094696044922
2004-02-11,76.84867095947266
2004-02-12,76.5705795288086
2004-02-13,76.22630310058594
2004-02-17,76.91490936279297
2004-02-18,76.57726287841797
2004-02-19,76.29253387451172
2004-02-20,76.060791015625
2004-02-23,75.86881256103516
2004-02-24,75.73633575439453
2004-02-25,76.05418395996094
2004-02-26,76.10050964355469
2004-02-27,76.15347290039062
2004-03-01,76.90828704833984
2004-03-02,76.45802307128906
2004-03-03,76.59707641601562
2004-03-04,76.79573059082031
2004-03-05,77.05390930175781
2004-03-08,76.11373901367188
2004-03-09,75.80921173095703
2004-03-10,74.53799438476562
2004-03-11,73.57135009765625
2004-03-12,74.53799438476562
2004-03-15,73.62431335449219
2004-03-16,74.01496887207031
2004-03-17,74.84251403808594
2004-03-18,74.86241912841797
2004-03-19,73.78942108154297
2004-03-22,72.85260009765625
2004-03-23,72.72632598876953
2004-03-24,72.78617095947266
2004-03-25,73.74950408935547
2004-03-26,73.76947784423828
2004-03-29,74.805908203125
2004-03-30,75.05844116210938
2004-03-31,75.14482116699219
2004-04-01,75.5965805053711
2004-04-02,76.16799926757812
2004-04-05,76.58658599853516
2004-04-06,76.34075164794922
2004-04-07,76.16136169433594
2004-04-08,75.98857116699219
2004-04-12,76.28755187988281
2004-04-13,75.21788024902344
2004-04-14,75.33748626708984
2004-04-15,75.0517807006836
2004-04-16,75.6297836303711
2004-04-19,75.6297836303711
2004-04-20,74.36075592041016
2004-04-21,74.85910034179688
2004-04-22,75.90887451171875
2004-04-23,75.9819564819336
2004-04-26,75.87559509277344
2004-04-27,75.94206237792969
2004-04-28,74.95873260498047
2004-04-29,74.30099487304688
2004-04-30,73.72291564941406
2004-05-03,74.51360321044922
2004-05-04,74.45379638671875
2004-05-05,74.93215942382812
2004-05-06,74.28768157958984
2004-05-07,73.05853271484375
2004-05-10,72.3077621459961
2004-05-11,72.91897583007812
2004-05-12,73.38409423828125
2004-05-13,73.07846069335938
2004-05-14,73.11167907714844
2004-05-17,72.48713684082031
2004-05-18,72.85260009765625
2004-05-19,72.60008239746094
2004-05-20,72.83264923095703
2004-05-21,72.95887756347656
2004-05-24,73.2645034790039
2004-05-25,74.3143081665039
2004-05-26,74.57339477539062
2004-05-27,74.99198913574219
2004-05-28,74.9853286743164
2004-06-01,74.88565063476562
2004-06-02,75.16474151611328
2004-06-03,74.47371673583984
2004-06-04,75.0650405883789
2004-06-07,76.20784759521484
2004-06-08,76.31414031982422
2004-06-09,75.60322570800781
2004-06-10,75.97530364990234
2004-06-14,75.22452545166016
2004-06-15,75.75603485107422
2004-06-16,75.74275207519531
2004-06-17,75.6297836303711
2004-06-18,75.77251434326172
2004-06-21,75.48580932617188
2004-06-22,75.86588287353516
2004-06-23,76.51936340332031
2004-06-24,76.27928924560547
2004-06-25,75.91253662109375
2004-06-28,75.65248107910156
2004-06-29,75.96588134765625
2004-06-30,76.37266540527344
2004-07-01,75.31241607666016
2004-07-02,75.27239227294922
2004-07-06,74.61219787597656
2004-07-07,74.83229064941406
2004-07-08,74.31212615966797
2004-07-09,74.50552368164062
2004-07-12,74.53886413574219
2004-07-13,74.59219360351562
2004-07-14,74.36549377441406
2004-07-15,73.88536071777344
2004-07-16,73.82537841796875
2004-07-19,73.51191711425781
2004-07-20,74.44550323486328
2004-07-21,73.07183074951172
2004-07-22,73.27192687988281
2004-07-23,72.65841674804688
2004-07-26,72.51836395263672
2004-07-27,73.19854736328125
2004-07-28,73.4185791015625
2004-07-29,73.73197174072266
2004-07-30,73.91205596923828
2004-08-02,74.06542205810547
2004-08-03,73.4919662475586
2004-08-04,73.48529052734375
2004-08-05,72.28494262695312
2004-08-06,71.25135803222656
2004-08-09,71.35140228271484
2004-08-10,72.27159881591797
2004-08-11,72.12492370605469
2004-08-12,71.33805084228516
2004-08-13,71.47808837890625
2004-08-16,72.21829986572266
2004-08-17,72.62503051757812
2004-08-18,73.37190246582031
2004-08-19,73.15848541259766
2004-08-20,73.67198181152344
2004-08-23,73.48529052734375
2004-08-24,73.58528900146484
2004-08-25,74.0854263305664
2004-08-26,74.0854263305664
2004-08-27,74.31881713867188
2004-08-30,73.70531463623047
2004-08-31,74.09210205078125
2004-09-01,74.23210906982422
2004-09-02,75.07233428955078
2004-09-03,74.76558685302734
2004-09-07,75.259033203125
2004-09-08,75.07233428955078
2004-09-09,75.00562286376953
2004-09-10,75.39242553710938
2004-09-13,75.63916778564453
2004-09-14,75.79252624511719
2004-09-15,75.21902465820312
2004-09-16,75.44576263427734
2004-09-17,75.76654815673828
2004-09-20,75.31116485595703
2004-09-21,75.63929748535156
2004-09-22,74.69514465332031
2004-09-23,74.29335021972656
2004-09-24,74.63488006591797
2004-09-27,74.15943145751953
2004-09-28,74.51429748535156
2004-09-29,74.88932800292969
2004-09-30,74.83572387695312
2004-10-01,76.10130310058594
2004-10-04,76.2285385131836
2004-10-05,76.26871490478516
2004-10-06,76.79100036621094
2004-10-07,75.96739196777344
2004-10-08,75.33795928955078
2004-10-11,75.64598083496094
2004-10-12,75.3513412475586
2004-10-13,74.68844604492188
2004-10-14,74.08578491210938
2004-10-15,74.50093841552734
2004-10-18,74.78215789794922
2004-10-19,74.15275573730469
2004-10-20,74.00545501708984
2004-10-21,74.48755645751953
2004-10-22,73.6504898071289
2004-10-25,73.56351470947266
2004-10-26,74.68844604492188
2004-10-27,75.58572387695312
2004-10-28,75.8133544921875
2004-10-29,75.80001068115234
2004-11-01,76.0075912475586
2004-11-02,76.03436279296875
2004-11-03,76.99188995361328
2004-11-04,78.04319763183594
2004-11-05,78.53201293945312
2004-11-08,78.41814422607422
2004-11-09,78.26416015625
2004-11-10,78.32444763183594
2004-11-11,78.92035675048828
2004-11-12,79.54310607910156
2004-11-15,79.73856353759766
2004-11-16,79.16766357421875
2004-11-17,79.63780212402344
2004-11-18,79.74523162841797
2004-11-19,78.85875701904297
2004-11-22,79.23483276367188
2004-11-23,79.355712890625
2004-11-24,79.54377746582031
2004-11-26,79.48332214355469
2004-11-29,79.12071228027344
2004-11-30,79.17438507080078
2004-12-01,80.07433319091797
2004-12-02,80.14151763916016
2004-12-03,80.0877914428711
2004-12-06,80.06092834472656
2004-12-07,79.3154525756836
2004-12-08,79.77885437011719
2004-12-09,80.06092834472656
2004-12-10,80.14151763916016
2004-12-13,80.83995819091797
2004-12-14,81.12203216552734
2004-12-15,81.1824722290039
2004-12-16,81.1354751586914
2004-12-17,80.59430694580078
2004-12-20,80.61454010009766
2004-12-21,81.23536682128906
2004-12-22,81.43101501464844
2004-12-23,81.49173736572266
2004-12-27,81.32302856445312
2004-12-28,81.76839447021484
2004-12-29,81.88986206054688
2004-12-30,81.73466491699219
2004-12-31,81.5592269897461
2005-01-03,81.17462158203125
2005-01-04,80.18269348144531
2005-01-05,79.62938690185547
2005-01-06,80.03424835205078
2005-01-07,79.9195327758789
2005-01-10,80.2973861694336
2005-01-11,79.7441177368164
2005-01-12,80.00725555419922
2005-01-13,79.36624145507812
2005-01-14,79.78460693359375
2005-01-18,80.61454010009766
2005-01-19,79.7710952758789
2005-01-20,79.28528594970703
2005-01-21,78.79940795898438
2005-01-24,78.64421081542969
2005-01-25,78.86691284179688
2005-01-26,79.10306549072266
2005-01-27,79.23800659179688
2005-01-28,79.23800659179688
2005-01-31,79.7305908203125
2005-02-01,80.23670196533203
2005-02-02,80.47957611083984
2005-02-03,80.27043914794922
2005-02-04,81.12738037109375
2005-02-07,81.01935577392578
2005-02-08,81.1138916015625
2005-02-09,80.506591796875
2005-02-10,80.7967529296875
2005-02-11,81.49173736572266
2005-02-14,81.43101501464844
2005-02-15,81.73466491699219
2005-02-16,81.78864288330078
2005-02-17,81.12738037109375
2005-02-18,81.23536682128906
2005-02-22,80.02750396728516
2005-02-23,80.60107421875
2005-02-24,81.13411712646484
2005-02-25,81.93711853027344
2005-02-28,81.39729309082031
2005-03-01,81.80215454101562
2005-03-02,81.76165771484375
2005-03-03,81.79539489746094
2005-03-04,82.81430053710938
2005-03-07,82.85479736328125
2005-03-08,82.54435729980469
2005-03-09,81.6266860961914
2005-03-10,81.80889129638672
2005-03-11,81.23536682128906
2005-03-14,81.74139404296875
2005-03-15,81.06664276123047
2005-03-16,80.37834167480469
2005-03-17,80.54034423828125
2005-03-18,80.30117797851562
2005-03-21,80.00312805175781
2005-03-22,79.19021606445312
2005-03-23,79.25798034667969
2005-03-24,79.35277557373047
2005-03-28,79.46797943115234
2005-03-29,78.93960571289062
2005-03-30,80.05731964111328
2005-03-31,79.90830993652344
2005-04-01,79.54926300048828
2005-04-04,79.68473052978516
2005-04-05,80.06411743164062
2005-04-06,80.34185028076172
2005-04-07,80.77539825439453
2005-04-08,79.9354019165039
2005-04-11,79.996337890625
2005-04-12,80.40957641601562
2005-04-13,79.46121215820312
2005-04-14,78.42475128173828
2005-04-15,77.32733154296875
2005-04-18,77.56440734863281
2005-04-19,78.18086242675781
2005-04-20,77.09019470214844
2005-04-21,78.5873031616211
2005-04-22,78.28926086425781
2005-04-25,78.80408477783203
2005-04-26,78.03860473632812
2005-04-27,78.34346771240234
2005-04-28,77.3612060546875
2005-04-29,78.41117858886719
2005-05-02,78.8515396118164
2005-05-03,78.98702239990234
2005-05-04,79.59668731689453
2005-05-05,79.569580078125
2005-05-06,79.31895446777344
2005-05-09,79.81346130371094
2005-05-10,78.98702239990234
2005-05-11,79.42053985595703
2005-05-12,78.54666137695312
2005-05-13,78.39089965820312
2005-05-16,79.12249755859375
2005-05-17,79.65087127685547
2005-05-18,80.47057342529297
2005-05-19,80.80924224853516
2005-05-20,80.6940689086914
2005-05-23,81.14114379882812
2005-05-24,80.95149230957031
2005-05-25,80.89054870605469
2005-05-26,81.32411193847656
2005-05-27,81.4595947265625
2005-05-31,80.9379653930664
2005-06-01,81.62892150878906
2005-06-02,81.8050308227539
2005-06-03,81.39186096191406
2005-06-06,81.31731414794922
2005-06-07,81.37826538085938
2005-06-08,81.229248046875
2005-06-09,81.61543273925781
2005-06-10,81.42570495605469
2005-06-13,81.6831283569336
2005-06-14,81.87281799316406
2005-06-15,82.0285873413086
2005-06-16,82.23858642578125
2005-06-17,82.54332733154297
2005-06-20,82.57051849365234
2005-06-21,82.61811828613281
2005-06-22,82.68614196777344
2005-06-23,81.52308654785156
2005-06-24,80.92455291748047
2005-06-27,81.04017639160156
2005-06-28,81.7203369140625
2005-06-29,81.50267791748047
2005-06-30,81.06059265136719
2005-07-01,81.29862976074219
2005-07-05,81.95159149169922
2005-07-06,81.26461791992188
2005-07-07,81.58429718017578
2005-07-08,82.51612091064453
2005-07-11,82.93779754638672
2005-07-12,83.15545654296875
2005-07-13,83.27108001708984
2005-07-14,83.59754180908203
2005-07-15,83.54993438720703
2005-07-18,83.2166748046875
2005-07-19,83.67237854003906
2005-07-20,83.95803833007812
2005-07-21,83.46833038330078
2005-07-22,84.02606201171875
2005-07-25,83.78802490234375
2005-07-26,83.89002227783203
2005-07-27,84.19605255126953
2005-07-28,84.72660827636719
2005-07-29,84.16207885742188
2005-08-01,84.10088348388672
2005-08-02,84.60420989990234
2005-08-03,84.82862854003906
2005-08-04,84.14848327636719
2005-08-05,83.57716369628906
2005-08-08,83.42071533203125
2005-08-09,83.92402648925781
2005-08-10,83.88323211669922
2005-08-11,84.21648406982422
2005-08-12,83.69959259033203
2005-08-15,84.21648406982422
2005-08-16,83.12140655517578
2005-08-17,83.11466217041016
2005-08-18,83.10786437988281
2005-08-19,83.2983169555664
2005-08-22,83.2983169555664
2005-08-23,83.141845703125
2005-08-24,82.40046691894531
2005-08-25,82.69975280761719
2005-08-26,82.13521575927734
2005-08-29,82.76777648925781
2005-08-30,82.33244323730469
2005-08-31,83.37310791015625
2005-09-01,83.31188201904297
2005-09-02,83.1622543334961
2005-09-06,84.13489532470703
2005-09-07,84.2777099609375
2005-09-08,83.99881744384766
2005-09-09,84.74700164794922
2005-09-12,84.57695770263672
2005-09-13,84.107666015625
2005-09-14,83.80159759521484
2005-09-15,83.76080322265625
2005-09-16,84.35638427734375
2005-09-19,84.07635498046875
2005-09-20,83.3659896850586
2005-09-21,82.5872802734375
2005-09-22,82.88105773925781
2005-09-23,82.94933319091797
2005-09-26,83.04497528076172
2005-09-27,83.02445220947266
2005-09-28,83.10639190673828
2005-09-29,83.78267669677734
2005-09-30,84.04222106933594
2005-10-03,83.74168395996094
2005-10-04,82.7990493774414
2005-10-05,81.71302032470703
2005-10-06,81.41929626464844
2005-10-07,81.69935607910156
2005-10-10,81.00948333740234
2005-10-11,80.89338684082031
2005-10-12,80.25812530517578
2005-10-13,80.21028900146484
2005-10-14,81.05726623535156
2005-10-17,81.35782623291016
2005-10-18,80.47669219970703
2005-10-19,81.81543731689453
2005-10-20,80.37422180175781
2005-10-21,80.68841552734375
2005-10-24,81.93846130371094
2005-10-25,81.77452087402344
2005-10-26,81.53543853759766
2005-10-27,80.66795349121094
2005-10-28,81.82913970947266
2005-10-31,82.05453491210938
2005-11-01,82.3004379272461
2005-11-02,83.16105651855469
2005-11-03,83.5162582397461
2005-11-04,83.40695190429688
2005-11-07,83.48896789550781
2005-11-08,83.48896789550781
2005-11-09,83.59822845458984
2005-11-10,84.24712371826172
2005-11-11,84.53397369384766
2005-11-14,84.48614501953125
2005-11-15,84.17880249023438
2005-11-16,84.34959411621094
2005-11-17,85.13508605957031
2005-11-18,85.46979522705078
2005-11-21,85.90010833740234
2005-11-22,86.26892852783203
2005-11-23,86.76756286621094
2005-11-25,86.83586883544922
2005-11-28,86.22110748291016
2005-11-29,86.12550354003906
2005-11-30,85.6610336303711
2005-12-01,86.53534698486328
2005-12-02,86.64461517333984
2005-12-05,86.46018981933594
2005-12-06,86.62409973144531
2005-12-07,86.11864471435547
2005-12-08,86.06401824951172
2005-12-09,86.28942108154297
2005-12-12,86.37139892578125
2005-12-13,86.95883178710938
2005-12-14,87.30033874511719
2005-12-15,87.04763793945312
2005-12-16,86.76741790771484
2005-12-19,86.32112121582031
2005-12-20,86.40352630615234
2005-12-21,86.54087829589844
2005-12-22,86.99406433105469
2005-12-23,87.04212188720703
2005-12-27,86.15630340576172
2005-12-28,86.34857940673828
2005-12-29,85.96405029296875
2005-12-30,85.49710083007812
2006-01-03,87.00091552734375
2006-01-04,87.41290283203125
2006-01-05,87.46786499023438
2006-01-06,88.19574737548828
2006-01-09,88.42232513427734
2006-01-10,88.51155090332031
2006-01-11,88.79312133789062
2006-01-12,88.44292449951172
2006-01-13,88.36051177978516
2006-01-17,88.12020874023438
2006-01-18,87.77002716064453
2006-01-19,88.10645294189453
2006-01-20,86.4996566772461
2006-01-23,86.80865478515625
2006-01-24,86.89791107177734
2006-01-25,86.97346496582031
2006-01-26,87.45411682128906
2006-01-27,88.26438903808594
2006-01-30,88.19574737548828
2006-01-31,87.55028533935547
2006-02-01,88.16136932373047
2006-02-02,87.13825988769531
2006-02-03,86.7056655883789
2006-02-06,86.93225860595703
2006-02-07,86.16321563720703
2006-02-08,86.94599914550781
2006-02-09,86.80179595947266
2006-02-10,86.959716796875
2006-02-13,86.80179595947266
2006-02-14,87.72190856933594
2006-02-15,88.03092956542969
2006-02-16,88.69010925292969
2006-02-17,88.44979095458984
2006-02-21,88.23005676269531
2006-02-22,88.76565551757812
2006-02-23,88.63520050048828
2006-02-24,88.86181640625
2006-02-27,88.89614868164062
2006-02-28,88.05152893066406
2006-03-01,88.83434295654297
2006-03-02,88.82746124267578
2006-03-03,88.41547393798828
2006-03-06,88.01033020019531
2006-03-07,87.87296295166016
2006-03-08,88.05839538574219
2006-03-09,87.46786499023438
2006-03-10,88.29872131347656
2006-03-13,88.4635238647461
2006-03-14,89.39055633544922
2006-03-15,89.78878784179688
2006-03-16,89.97419738769531
2006-03-17,90.0493392944336
2006-03-20,89.90458679199219
2006-03-21,89.33926391601562
2006-03-22,89.88394165039062
2006-03-23,89.69772338867188
2006-03-24,89.76668548583984
2006-03-27,89.63568115234375
2006-03-28,89.08418273925781
2006-03-29,89.64256286621094
2006-03-30,89.4840316772461
2006-03-31,89.50474548339844
2006-04-03,89.43576049804688
2006-04-04,90.0079574584961
2006-04-05,90.31817626953125
2006-04-06,90.22168731689453
2006-04-07,89.30479431152344
2006-04-10,89.44269561767578
2006-04-11,88.68434143066406
2006-04-12,88.84980773925781
2006-04-13,88.73259735107422
2006-04-17,88.69811248779297
2006-04-18,90.1044692993164
2006-04-19,90.27684783935547
2006-04-20,90.40096282958984
2006-04-21,90.41470336914062
2006-04-24,90.24925994873047
2006-04-25,89.87700653076172
2006-04-26,89.89763641357422
2006-04-27,90.33199310302734
2006-04-28,90.63530731201172
2006-05-01,89.89763641357422
2006-05-02,90.57329559326172
2006-05-03,90.23546600341797
2006-05-04,90.55948638916016
2006-05-05,91.35921478271484
2006-05-08,91.24889373779297
2006-05-09,91.42813110351562
2006-05-10,91.37989044189453
2006-05-11,90.27684783935547
2006-05-12,89.09796142578125
2006-05-15,89.27719116210938
2006-05-16,89.14620208740234
2006-05-17,87.4502944946289
2006-05-18,87.00910186767578
2006-05-19,87.6226577758789
2006-05-22,86.95393371582031
2006-05-23,86.29212951660156
2006-05-24,86.98149871826172
2006-05-25,88.05697631835938
2006-05-26,88.50508117675781
2006-05-30,86.93325805664062
2006-05-31,87.90531158447266
2006-06-01,88.7463607788086
2006-06-02,88.93251037597656
2006-06-05,87.6364517211914
2006-06-06,87.42269897460938
2006-06-07,86.76780700683594
2006-06-08,86.69195556640625
2006-06-09,86.41620635986328
2006-06-12,85.47862243652344
2006-06-13,84.48589324951172
2006-06-14,85.14083862304688
2006-06-15,86.9470443725586
2006-06-16,86.31346893310547
2006-06-19,85.63488006591797
2006-06-20,85.92567443847656
2006-06-21,86.56271362304688
2006-06-22,86.18187713623047
2006-06-23,86.16804504394531
2006-06-26,86.54891204833984
2006-06-27,85.80107116699219
2006-06-28,86.3826904296875
2006-06-29,88.12763977050781
2006-06-30,88.13458251953125
2006-07-03,88.4946517944336
2006-07-05,87.98919677734375
2006-07-06,88.24537658691406
2006-07-07,87.67063903808594
2006-07-10,87.83683013916016
2006-07-11,88.22461700439453
2006-07-12,87.28286743164062
2006-07-13,85.86334991455078
2006-07-14,85.5309829711914
2006-07-17,85.40634155273438
2006-07-18,85.84259796142578
2006-07-19,87.03355407714844
2006-07-20,86.43809509277344
2006-07-21,85.82877349853516
2006-07-24,87.39366912841797
2006-07-25,87.70528411865234
2006-07-26,87.82296752929688
2006-07-27,87.73987579345703
2006-07-28,88.61932373046875
2006-07-31,88.5292739868164
2006-08-01,88.09303283691406
2006-08-02,88.68854522705078
2006-08-03,88.92396545410156
2006-08-04,88.77163696289062
2006-08-07,88.56390380859375
2006-08-08,88.22461700439453
2006-08-09,87.9268798828125
2006-08-10,88.1968765258789
2006-08-11,87.9476547241211
2006-08-14,88.01685333251953
2006-08-15,89.06936645507812
2006-08-16,89.81031036376953
2006-08-17,90.03878784179688
2006-08-18,90.495849609375
2006-08-21,90.10809326171875
2006-08-22,90.10111236572266
2006-08-23,89.85183715820312
2006-08-24,89.77568054199219
2006-08-25,89.88648223876953
2006-08-28,90.3158187866211
2006-08-29,90.41963195800781
2006-08-30,90.47508239746094
2006-08-31,90.46118927001953
2006-09-01,91.00130462646484
2006-09-05,91.17443084716797
2006-09-06,90.37117004394531
2006-09-07,89.95572662353516
2006-09-08,90.21192169189453
2006-09-11,90.30194091796875
2006-09-12,91.18824768066406
2006-09-13,91.55526733398438
2006-09-14,91.56222534179688
2006-09-15,91.77709197998047
2006-09-18,91.90230560302734
2006-09-19,91.67279815673828
2006-09-20,92.1596450805664
2006-09-21,91.71451568603516
2006-09-22,91.43629455566406
2006-09-25,92.13880157470703
2006-09-26,92.90377044677734
2006-09-27,93.01506805419922
2006-09-28,92.98030853271484
2006-09-29,92.90377044677734
2006-10-02,92.5560531616211
2006-10-03,92.75077819824219
2006-10-04,93.83576965332031
2006-10-05,94.01661682128906
2006-10-06,93.89836120605469
2006-10-09,93.9540023803711
2006-10-10,94.0792236328125
2006-10-11,93.96788787841797
2006-10-12,94.78163146972656
2006-10-13,95.02503967285156
2006-10-16,95.17108917236328
2006-10-17,94.87203979492188
2006-10-18,94.99725341796875
2006-10-19,95.15023803710938
2006-10-20,95.17108917236328
2006-10-23,95.60928344726562
2006-10-24,95.89443969726562
2006-10-25,96.22129821777344
2006-10-26,96.5203628540039
2006-10-27,95.91527557373047
2006-10-30,95.84577178955078
2006-10-31,95.831787109375
2006-11-01,95.18500518798828
2006-11-02,95.1293716430664
2006-11-03,94.96239471435547
2006-11-06,96.03348541259766
2006-11-07,96.40209197998047
2006-11-08,96.61077880859375
2006-11-09,96.10304260253906
2006-11-10,96.14482116699219
2006-11-13,96.3812484741211
2006-11-14,97.10458374023438
2006-11-15,97.38276672363281
2006-11-16,97.63312530517578
2006-11-17,97.66094970703125
2006-11-20,97.7165756225586
2006-11-21,97.81398010253906
2006-11-22,98.00871276855469
2006-11-24,97.61229705810547
2006-11-27,96.27000427246094
2006-11-28,96.68731689453125
2006-11-29,97.69573211669922
2006-11-30,97.73748016357422
2006-12-01,97.52191162109375
2006-12-04,98.26602935791016
2006-12-05,98.69031524658203
2006-12-06,98.6068115234375
2006-12-07,98.1756362915039
2006-12-08,98.3564453125
2006-12-11,98.6416015625
2006-12-12,98.56511688232422
2006-12-13,98.66942596435547
2006-12-14,99.5387954711914
2006-12-15,99.54786682128906
2006-12-18,99.27513122558594
2006-12-19,99.4639892578125
2006-12-20,99.4079818725586
2006-12-21,99.04431915283203
2006-12-22,98.43586730957031
2006-12-26,99.01637268066406
2006-12-27,99.66674041748047
2006-12-28,99.45698547363281
2006-12-29,99.04431915283203
2007-01-03,98.86947631835938
2007-01-04,99.07929229736328
2007-01-05,98.28902435302734
2007-01-08,98.74360656738281
2007-01-09,98.65967559814453
2007-01-10,98.9883804321289
2007-01-11,99.42201232910156
2007-01-12,100.17731475830078
2007-01-16,99.9814453125
2007-01-17,100.0234603881836
2007-01-18,99.68777465820312
2007-01-19,99.8835678100586
2007-01-22,99.57586669921875
2007-01-23,99.86961364746094
2007-01-24,100.67383575439453
2007-01-25,99.491943359375
2007-01-26,99.40104675292969
2007-01-29,99.3450927734375
2007-01-30,99.86262512207031
2007-01-31,100.5340347290039
2007-02-01,101.1354751586914
2007-02-02,101.2752914428711
2007-02-05,101.30329132080078
2007-02-06,101.33120727539062
2007-02-07,101.5550537109375
2007-02-08,101.42218780517578
2007-02-09,100.66686248779297
2007-02-12,100.32415008544922
2007-02-13,101.17041015625
2007-02-14,101.83477783203125
2007-02-15,101.96768951416016
2007-02-16,101.91875457763672
2007-02-20,102.135498046875
2007-02-21,102.09358215332031
2007-02-22,102.01665496826172
2007-02-23,101.61802673339844
2007-02-26,101.52703857421875
2007-02-27,97.56168365478516
2007-02-28,98.56175231933594
2007-03-01,98.26803588867188
2007-03-02,96.98121643066406
2007-03-05,96.05805206298828
2007-03-06,97.7015380859375
2007-03-07,97.6036605834961
2007-03-08,98.42890930175781
2007-03-09,98.4568862915039
2007-03-12,98.603759765625
2007-03-13,96.6874771118164
2007-03-14,97.40779876708984
2007-03-15,97.54070281982422
2007-03-16,97.26753997802734
2007-03-19,98.44013214111328
2007-03-20,98.98078918457031
2007-03-21,100.6097412109375
2007-03-22,100.53251647949219
2007-03-23,100.6799545288086
2007-03-26,100.54654693603516
2007-03-27,100.30780792236328
2007-03-28,99.57762908935547
2007-03-29,99.68290710449219
2007-03-30,99.70401000976562
2007-04-02,99.81635284423828
2007-04-03,100.89058685302734
2007-04-04,101.00299835205078
2007-04-05,101.27681732177734
2007-04-09,101.41719818115234
2007-04-10,101.53661346435547
2007-04-11,101.12227630615234
2007-04-12,101.57168579101562
2007-04-13,102.03511047363281
2007-04-16,103.00406646728516
2007-04-17,103.2778549194336
2007-04-18,103.40426635742188
2007-04-19,103.37616729736328
2007-04-20,104.35220336914062
2007-04-23,103.95896911621094
2007-04-24,104.0010986328125
2007-04-25,104.95594787597656
2007-04-26,105.07535552978516
2007-04-27,104.99105834960938
2007-04-30,104.1204833984375
2007-05-01,104.38726806640625
2007-05-02,104.99812316894531
2007-05-03,105.56685638427734
2007-05-04,105.96708679199219
2007-05-07,105.98814392089844
2007-05-08,105.84772491455078
2007-05-09,106.13565826416016
2007-05-10,105.02622985839844
2007-05-11,105.92498016357422
2007-05-14,105.6932601928711
2007-05-15,105.72135925292969
2007-05-16,106.44451141357422
2007-05-17,106.23389434814453
2007-05-18,107.16073608398438
2007-05-21,107.10454559326172
2007-05-22,107.02029418945312
2007-05-23,107.03430938720703
2007-05-24,106.06543731689453
2007-05-25,106.5077133178711
2007-05-29,106.8938980102539
2007-05-30,107.76457977294922
2007-05-31,107.65225219726562
2007-06-01,108.18588256835938
2007-06-04,108.19992065429688
2007-06-05,107.77161407470703
2007-06-06,106.6130599975586
2007-06-07,104.68915557861328
2007-06-08,106.05133819580078
2007-06-11,106.23389434814453
2007-06-12,105.07535552978516
2007-06-13,106.6481704711914
2007-06-14,107.3292465209961
2007-06-15,107.93994903564453
2007-06-18,107.81300354003906
2007-06-19,108.08094787597656
2007-06-20,106.57896423339844
2007-06-21,107.1712646484375
2007-06-22,106.16288757324219
2007-06-25,105.65512084960938
2007-06-26,104.56922912597656
2007-06-27,106.05713653564453
2007-06-28,106.04302978515625
2007-06-29,106.07828521728516
2007-07-02,107.03728485107422
2007-07-03,107.42510986328125
2007-07-05,107.31234741210938
2007-07-06,107.87645721435547
2007-07-09,107.9610824584961
2007-07-10,106.4238052368164
2007-07-11,107.17833709716797
2007-07-12,108.87076568603516
2007-07-13,109.19513702392578
2007-07-16,109.18104553222656
2007-07-17,109.12458801269531
2007-07-18,108.92718505859375
2007-07-19,109.35027313232422
2007-07-20,108.2431411743164
2007-07-23,108.57455444335938
2007-07-24,106.6917495727539
2007-07-25,106.91039276123047
2007-07-26,104.37879943847656
2007-07-27,102.32676696777344
2007-07-30,103.92754364013672
2007-07-31,102.75694274902344
2007-08-01,103.25762176513672
2007-08-02,104.0826416015625
2007-08-03,101.40299224853516
2007-08-06,103.10247039794922
2007-08-07,104.20259094238281
2007-08-08,105.65512084960938
2007-08-09,102.52428436279297
2007-08-10,102.04476165771484
2007-08-13,102.41145324707031
2007-08-14,100.845947265625
2007-08-15,99.45674133300781
2007-08-16,100.2042236328125
2007-08-17,102.04476165771484
2007-08-20,101.99539184570312
2007-08-21,102.19986724853516
2007-08-22,103.41275024414062
2007-08-23,103.32107543945312
2007-08-24,104.597412109375
2007-08-27,103.6242904663086
2007-08-28,101.3466567993164
2007-08-29,103.335205078125
2007-08-30,103.06019592285156
2007-08-31,104.07557678222656
2007-09-04,105.12626647949219
2007-09-05,104.21661376953125
2007-09-06,104.45637512207031
2007-09-07,103.0037612915039
2007-09-10,102.8062744140625
2007-09-11,104.00508117675781
2007-09-12,104.27305603027344
2007-09-13,105.00646209716797
2007-09-14,104.9994125366211
2007-09-17,104.43521881103516
2007-09-18,107.50979614257812
2007-09-19,108.14440155029297
2007-09-20,107.38282775878906
2007-09-21,107.67262268066406
2007-09-24,107.4742431640625
2007-09-25,107.26167297363281
2007-09-26,107.8285140991211
2007-09-27,108.46614074707031
2007-09-28,108.1048355102539
2007-10-01,109.32347106933594
2007-10-02,109.1746826171875
2007-10-03,108.95500183105469
2007-10-04,109.12503814697266
2007-10-05,110.42166900634766
2007-10-08,109.83361053466797
2007-10-09,110.86798095703125
2007-10-10,110.68378448486328
2007-10-11,110.15243530273438
2007-10-12,110.76174926757812
2007-10-15,109.82650756835938
2007-10-16,108.95500183105469
2007-10-17,109.28801727294922
2007-10-18,108.89125061035156
2007-10-19,106.04303741455078
2007-10-22,106.65945434570312
2007-10-23,107.5238265991211
2007-10-24,107.32543182373047
2007-10-25,107.58052062988281
2007-10-26,108.84168243408203
2007-10-29,109.20301818847656
2007-10-30,108.44491577148438
2007-10-31,109.5714111328125
2007-11-01,107.00662994384766
2007-11-02,107.12703704833984
2007-11-05,106.31228637695312
2007-11-06,107.74347686767578
2007-11-07,104.79606628417969
2007-11-08,104.26468658447266
2007-11-09,102.83348083496094
2007-11-12,101.81322479248047
2007-11-13,104.91648864746094
2007-11-14,104.62603759765625
2007-11-15,103.11688995361328
2007-11-16,103.29399108886719
2007-11-19,101.85577392578125
2007-11-20,102.47924041748047
2007-11-21,100.3820571899414
2007-11-23,102.11788940429688
2007-11-26,99.86477661132812
2007-11-27,101.01260375976562
2007-11-28,104.24343872070312
2007-11-29,104.27885437011719
2007-11-30,105.32748413085938
2007-12-03,104.6331558227539
2007-12-04,103.69786834716797
2007-12-05,105.43373107910156
2007-12-06,106.94282531738281
2007-12-07,106.92162322998047
2007-12-10,107.75056457519531
2007-12-11,104.79606628417969
2007-12-12,105.8304672241211
2007-12-13,105.61083221435547
2007-12-14,104.27172088623047
2007-12-17,102.78389739990234
2007-12-18,103.3578109741211
2007-12-19,103.3578109741211
2007-12-20,104.00959014892578
2007-12-21,105.5089340209961
2007-12-24,106.29240417480469
2007-12-26,106.52037048339844
2007-12-27,105.18131256103516
2007-12-28,104.91777801513672
2007-12-31,104.14139556884766
2008-01-02,103.22969818115234
2008-01-03,103.1798095703125
2008-01-04,100.6512451171875
2008-01-07,100.56578063964844
2008-01-08,98.94180297851562
2008-01-09,99.98167419433594
2008-01-10,100.63700866699219
2008-01-11,99.82500457763672
2008-01-14,100.62985229492188
2008-01-15,98.41471099853516
2008-01-16,97.56710815429688
2008-01-17,95.0385513305664
2008-01-18,94.06272888183594
2008-01-22,93.10828399658203
2008-01-23,95.34481048583984
2008-01-24,96.1496810913086
2008-01-25,94.7607650756836
2008-01-28,96.32775115966797
2008-01-29,96.80500030517578
2008-01-30,96.09271240234375
2008-01-31,97.84490966796875
2008-02-01,99.41902160644531
2008-02-04,98.1654281616211
2008-02-05,95.53713989257812
2008-02-06,94.76787567138672
2008-02-07,95.39464569091797
2008-02-08,94.78211975097656
2008-02-11,95.2664794921875
2008-02-12,96.1496810913086
2008-02-13,97.13264465332031
2008-02-14,96.27790069580078
2008-02-15,96.25652313232422
2008-02-19,96.5271987915039
2008-02-20,96.81209564208984
2008-02-21,96.00724792480469
2008-02-22,96.59840393066406
2008-02-25,97.81640625
2008-02-26,98.55003356933594
2008-02-27,98.45030975341797
2008-02-28,97.4887466430664
2008-02-29,95.31631469726562
2008-03-03,95.0884017944336
2008-03-04,94.72512817382812
2008-03-05,95.32345581054688
2008-03-06,93.35045623779297
2008-03-07,92.38888549804688
2008-03-10,91.17088317871094
2008-03-11,94.44739532470703
2008-03-12,93.56414031982422
2008-03-13,93.77067565917969
2008-03-14,92.31764221191406
2008-03-17,91.38455963134766
2008-03-18,95.1810302734375
2008-03-19,92.8233642578125
2008-03-20,94.54273986816406
2008-03-24,96.43244934082031
2008-03-25,96.5254898071289
2008-03-26,95.34442138671875
2008-03-27,95.04378509521484
2008-03-28,94.13471984863281
2008-03-31,94.46395874023438
2008-04-01,97.78528594970703
2008-04-02,97.84971618652344
2008-04-03,98.09309387207031
2008-04-04,97.98570251464844
2008-04-07,98.03583526611328
2008-04-08,97.93563079833984
2008-04-09,97.22698211669922
2008-04-10,97.36295318603516
2008-04-11,95.47325134277344
2008-04-14,95.1511459350586
2008-04-15,95.3730239868164
2008-04-16,97.95711517333984
2008-04-17,98.10023498535156
2008-04-18,99.12383270263672
2008-04-21,99.17393493652344
2008-04-22,98.7373275756836
2008-04-23,98.579833984375
2008-04-24,99.00930786132812
2008-04-25,99.92554473876953
2008-04-28,99.9469985961914
2008-04-29,99.55329895019531
2008-04-30,98.96634674072266
2008-05-01,101.0135269165039
2008-05-02,101.29266357421875
2008-05-05,100.80595397949219
2008-05-06,101.67925262451172
2008-05-07,99.86825561523438
2008-05-08,99.61056518554688
2008-05-09,99.42444610595703
2008-05-12,100.5411148071289
2008-05-13,100.55538940429688
2008-05-14,100.76302337646484
2008-05-15,102.02281951904297
2008-05-16,102.11585998535156
2008-05-19,102.39501953125
2008-05-20,101.56475067138672
2008-05-21,99.8467788696289
2008-05-22,99.86106872558594
2008-05-23,98.5225601196289
2008-05-27,99.25269317626953
2008-05-28,99.71077728271484
2008-05-29,100.21180725097656
2008-05-30,100.46238708496094
2008-06-02,99.42444610595703
2008-06-03,98.8447036743164
2008-06-04,98.79456329345703
2008-06-05,100.77017974853516
2008-06-06,97.55622100830078
2008-06-09,97.79242706298828
2008-06-10,97.30567932128906
2008-06-11,95.87411499023438
2008-06-12,96.23918151855469
2008-06-13,97.45600128173828
2008-06-16,97.51327514648438
2008-06-17,97.04088592529297
2008-06-18,96.09600067138672
2008-06-19,96.21768188476562
2008-06-20,94.65592193603516
2008-06-23,94.56237030029297
2008-06-24,94.37537384033203
2008-06-25,94.82131958007812
2008-06-26,92.2459716796875
2008-06-27,91.7424087524414
2008-06-30,92.06614685058594
2008-07-01,92.35392761230469
2008-07-02,90.7712631225586
2008-07-03,90.86479187011719
2008-07-07,89.93679809570312
2008-07-08,91.5337905883789
2008-07-09,89.77132415771484
2008-07-10,90.13822937011719
2008-07-11,89.08792877197266
2008-07-14,88.2822265625
2008-07-15,87.03768157958984
2008-07-16,89.1742172241211
2008-07-17,90.0662612915039
2008-07-18,90.6274185180664
2008-07-21,90.67774200439453
2008-07-22,91.70648193359375
2008-07-23,92.20284271240234
2008-07-24,90.2892837524414
2008-07-25,90.26768493652344
2008-07-28,88.94402313232422
2008-07-29,90.84318542480469
2008-07-30,92.46180725097656
2008-07-31,91.23887634277344
2008-08-01,90.75688934326172
2008-08-04,89.91521453857422
2008-08-05,92.33951568603516
2008-08-06,92.74956512451172
2008-08-07,91.36833953857422
2008-08-08,93.06612396240234
2008-08-11,94.030029296875
2008-08-12,93.05172729492188
2008-08-13,92.49059295654297
2008-08-14,93.18836975097656
2008-08-15,93.64160919189453
2008-08-18,92.361083984375
2008-08-19,91.35395812988281
2008-08-20,91.77838897705078
2008-08-21,91.93667602539062
2008-08-22,93.26749420166016
2008-08-25,91.37555694580078
2008-08-26,91.64171600341797
2008-08-27,92.53373718261719
2008-08-28,93.65599822998047
2008-08-29,92.64884948730469
2008-09-02,92.0733413696289
2008-09-03,91.99421691894531
2008-09-04,89.224609375
2008-09-05,89.5051498413086
2008-09-08,91.35395812988281
2008-09-09,88.64188385009766
2008-09-10,89.00162506103516
2008-09-11,90.2892837524414
2008-09-12,90.7065200805664
2008-09-15,86.39027404785156
2008-09-16,87.8362045288086
2008-09-17,83.88680267333984
2008-09-18,86.3758544921875
2008-09-19,89.80616760253906
2008-09-22,87.77301788330078
2008-09-23,85.77605438232422
2008-09-24,86.05098724365234
2008-09-25,87.39681243896484
2008-09-26,87.44017028808594
2008-09-29,80.5882339477539
2008-09-30,83.92376708984375
2008-10-01,83.97441864013672
2008-10-02,80.92829895019531
2008-10-03,79.83575439453125
2008-10-06,75.76942443847656
2008-10-07,72.37600708007812
2008-10-08,70.55267333984375
2008-10-09,65.62537384033203
2008-10-10,64.0335693359375
2008-10-13,73.33108520507812
2008-10-14,72.24578857421875
2008-10-15,65.13337707519531
2008-10-16,67.84663391113281
2008-10-17,67.44145965576172
2008-10-20,71.4933090209961
2008-10-21,69.35884857177734
2008-10-22,65.58192443847656
2008-10-23,66.34165954589844
2008-10-24,62.977195739746094
2008-10-27,60.741455078125
2008-10-28,67.83943176269531
2008-10-29,67.34740447998047
2008-10-30,69.67720794677734
2008-10-31,70.06066131591797
2008-11-03,70.26327514648438
2008-11-04,72.65095520019531
2008-11-05,69.59760284423828
2008-11-06,65.74114227294922
2008-11-07,67.9117660522461
2008-11-10,67.02184295654297
2008-11-11,64.95246887207031
2008-11-12,62.09446334838867
2008-11-13,65.96542358398438
2008-11-14,62.673309326171875
2008-11-17,61.84122848510742
2008-11-18,63.006141662597656
2008-11-19,58.96873092651367
2008-11-20,54.59132766723633
2008-11-21,57.5361442565918
2008-11-24,61.522865295410156
2008-11-25,61.97871398925781
2008-11-26,64.37362670898438
2008-11-28,65.18400573730469
2008-12-01,59.41011047363281
2008-12-02,61.69651794433594
2008-12-03,63.17979431152344
2008-12-04,61.71821594238281
2008-12-05,63.621158599853516
2008-12-08,65.84243774414062
2008-12-09,64.75711059570312
2008-12-10,65.198486328125
2008-12-11,63.6284065246582
2008-12-12,64.38809967041016
2008-12-15,63.49091339111328
2008-12-16,66.47911834716797
2008-12-17,65.835205078125
2008-12-18,64.60519409179688
2008-12-19,64.32725524902344
2008-12-22,63.50300979614258
2008-12-23,62.846519470214844
2008-12-24,63.21128463745117
2008-12-26,63.57596969604492
2008-12-29,63.39361572265625
2008-12-30,64.89622497558594
2008-12-31,65.82258605957031
2009-01-02,67.80655670166016
2009-01-05,67.72633361816406
2009-01-06,68.17860412597656
2009-01-07,66.1362075805664
2009-01-08,66.40608978271484
2009-01-09,64.9837417602539
2009-01-12,63.422786712646484
2009-01-13,63.53950881958008
2009-01-14,61.540870666503906
2009-01-15,61.56277847290039
2009-01-16,62.044193267822266
2009-01-20,58.769100189208984
2009-01-21,61.30747985839844
2009-01-22,60.35921096801758
2009-01-23,60.62181091308594
2009-01-26,61.03761672973633
2009-01-27,61.65758514404297
2009-01-28,63.74370193481445
2009-01-29,61.67219161987305
2009-01-30,60.41758346557617
2009-02-02,60.235252380371094
2009-02-03,61.08135986328125
2009-02-04,60.78228759765625
2009-02-05,61.686790466308594
2009-02-06,63.44468688964844
2009-02-09,63.53217315673828
2009-02-10,60.62181091308594
2009-02-11,60.979217529296875
2009-02-12,61.023006439208984
2009-02-13,60.366546630859375
2009-02-17,57.784400939941406
2009-02-18,57.645790100097656
2009-02-19,57.02578353881836
2009-02-20,56.47142028808594
2009-02-23,54.45096206665039
2009-02-24,56.51520538330078
2009-02-25,56.07027053833008
2009-02-26,55.15849304199219
2009-02-27,53.9257698059082
2009-03-02,51.496826171875
2009-03-03,51.11022186279297
2009-03-04,52.32106399536133
2009-03-05,50.18388748168945
2009-03-06,50.271419525146484
2009-03-09,49.680572509765625
2009-03-10,52.64200973510742
2009-03-11,52.98482131958008
2009-03-12,55.07093811035156
2009-03-13,55.5013313293457
2009-03-16,55.33354949951172
2009-03-17,57.02578353881836
2009-03-18,58.30228042602539
2009-03-19,57.58018112182617
2009-03-20,56.354026794433594
2009-03-23,60.40190505981445
2009-03-24,59.2117805480957
2009-03-25,59.836238861083984
2009-03-26,61.055721282958984
2009-03-27,59.95376205444336
2009-03-30,57.882057189941406
2009-03-31,58.41837692260742
2009-04-01,59.549720764160156
2009-04-02,61.29083251953125
2009-04-03,61.90055847167969
2009-04-06,61.41570281982422
2009-04-07,59.98313903808594
2009-04-08,60.629642486572266
2009-04-09,63.03924560546875
2009-04-13,63.053932189941406
2009-04-14,61.9666862487793
2009-04-15,62.62784194946289
2009-04-16,63.546112060546875
2009-04-17,63.97221374511719
2009-04-20,61.29083251953125
2009-04-21,62.48828125
2009-04-22,62.10627365112305
2009-04-23,62.71599578857422
2009-04-24,63.66367721557617
2009-04-27,63.061279296875
2009-04-28,62.86296844482422
2009-04-29,64.1999740600586
2009-04-30,64.22203063964844
2009-05-01,64.56729888916016
2009-05-04,66.76384735107422
2009-05-05,66.53609466552734
2009-05-06,67.68949127197266
2009-05-07,66.74917602539062
2009-05-08,68.30659484863281
2009-05-11,67.0282974243164
2009-05-12,66.83000946044922
2009-05-13,65.14765930175781
2009-05-14,65.70597839355469
2009-05-15,65.1697006225586
2009-05-18,67.0209732055664
2009-05-19,66.94014739990234
2009-05-20,66.4920425415039
2009-05-21,65.53697967529297
2009-05-22,65.39742279052734
2009-05-26,67.07238006591797
2009-05-27,65.87496185302734
2009-05-28,66.79325103759766
2009-05-29,67.97602081298828
2009-06-01,69.62158203125
2009-06-02,69.68035125732422
2009-06-03,68.79878234863281
2009-06-04,69.44526672363281
2009-06-05,69.45995330810547
2009-06-08,69.1734848022461
2009-06-09,69.52609252929688
2009-06-10,69.34977722167969
2009-06-11,69.65835571289062
2009-06-12,69.84933471679688
2009-06-15,68.24781799316406
2009-06-16,67.3221664428711
2009-06-17,67.25607299804688
2009-06-18,67.74825286865234
2009-06-19,67.99797821044922
2009-06-22,65.95893859863281
2009-06-23,66.01065063476562
2009-06-24,66.57950592041016
2009-06-25,68.02754211425781
2009-06-26,67.85023498535156
2009-06-29,68.48558807373047
2009-06-30,67.93148803710938
2009-07-01,68.21222686767578
2009-07-02,66.35047912597656
2009-07-06,66.34305572509766
2009-07-07,65.0576171875
2009-07-08,65.01329803466797
2009-07-09,65.13884735107422
2009-07-10,64.9837417602539
2009-07-13,66.56475067138672
2009-07-14,66.94152069091797
2009-07-15,68.89933013916016
2009-07-16,68.78849029541016
2009-07-17,69.54207611083984
2009-07-20,70.28084564208984
2009-07-21,70.60590362548828
2009-07-22,70.59113311767578
2009-07-23,72.14997863769531
2009-07-24,72.44550323486328
2009-07-27,72.65970611572266
2009-07-28,72.31987762451172
2009-07-29,72.14258575439453
2009-07-30,72.89614868164062
2009-07-31,72.99956512451172
2009-08-03,74.20379638671875
2009-08-04,74.3958740234375
2009-08-05,74.18163299560547
2009-08-06,73.7974624633789
2009-08-07,74.7652816772461
2009-08-10,74.61011505126953
2009-08-11,73.67926788330078
2009-08-12,74.46976470947266
2009-08-13,75.03862762451172
2009-08-14,74.46237182617188
2009-08-17,72.63021087646484
2009-08-18,73.2064437866211
2009-08-19,73.84921264648438
2009-08-20,74.61011505126953
2009-08-21,76.07294464111328
2009-08-24,76.06551361083984
2009-08-25,76.21330261230469
2009-08-26,76.22066497802734
2009-08-27,76.39060974121094
2009-08-28,76.37580108642578
2009-08-31,75.69613647460938
2009-09-01,74.02647399902344
2009-09-02,73.7457504272461
2009-09-03,74.35893249511719
2009-09-04,75.40064239501953
2009-09-08,76.05076599121094
2009-09-09,76.63443756103516
2009-09-10,77.41749572753906
2009-09-11,77.40274810791016
2009-09-14,77.77957153320312
2009-09-15,78.1045913696289
2009-09-16,79.28667449951172
2009-09-17,79.16847229003906
2009-09-18,79.21894073486328
2009-09-21,79.01851654052734
2009-09-22,79.4787368774414
2009-09-23,78.81805419921875
2009-09-24,77.94956970214844
2009-09-25,77.53388977050781
2009-09-28,78.92200469970703
2009-09-29,78.68445587158203
2009-09-30,78.38011169433594
2009-10-01,76.43529510498047
2009-10-02,76.0789794921875
2009-10-05,77.21472930908203
2009-10-06,78.32073974609375
2009-10-07,78.53602600097656
2009-10-08,79.13729095458984
2009-10-09,79.61975860595703
2009-10-12,79.93154907226562
2009-10-13,79.76823425292969
2009-10-14,81.14149475097656
2009-10-15,81.43842315673828
2009-10-16,80.82972717285156
2009-10-19,81.49781799316406
2009-10-20,81.06724548339844
2009-10-21,80.33981323242188
2009-10-22,81.15634155273438
2009-10-23,80.22842407226562
2009-10-26,79.35995483398438
2009-10-27,78.99622344970703
2009-10-28,77.50424194335938
2009-10-29,79.1669692993164
2009-10-30,76.87320709228516
2009-11-02,77.43740844726562
2009-11-03,77.6823501586914
2009-11-04,77.88278198242188
2009-11-05,79.31541442871094
2009-11-06,79.52326965332031
2009-11-09,81.33448791503906
2009-11-10,81.34934997558594
2009-11-11,81.7650375366211
2009-11-12,80.93370056152344
2009-11-13,81.37162017822266
2009-11-16,82.55188751220703
2009-11-17,82.64838409423828
2009-11-18,82.59638214111328
2009-11-19,81.52009582519531
2009-11-20,81.23057556152344
2009-11-23,82.26238250732422
2009-11-24,82.3885726928711
2009-11-25,82.67805480957031
2009-11-27,81.33448791503906
2009-11-30,81.60916137695312
2009-12-01,82.61868286132812
2009-12-02,82.58155822753906
2009-12-03,81.93577575683594
2009-12-04,82.40343475341797
2009-12-07,82.27721405029297
2009-12-08,81.36419677734375
2009-12-09,81.66853332519531
2009-12-10,82.12879180908203
2009-12-11,82.47762298583984
2009-12-14,83.04181671142578
2009-12-15,82.6557846069336
2009-12-16,82.78202056884766
2009-12-17,81.78729248046875
2009-12-18,82.25001525878906
2009-12-21,83.08586883544922
2009-12-22,83.38436889648438
2009-12-23,83.54857635498047
2009-12-24,83.9441146850586
2009-12-28,84.12326049804688
2009-12-29,84.00384521484375
2009-12-30,83.97396087646484
2009-12-31,83.16796112060547
2010-01-04,84.57845306396484
2010-01-05,84.80239868164062
2010-01-06,84.8620834350586
2010-01-07,85.22030639648438
2010-01-08,85.50387573242188
2010-01-11,85.62332153320312
2010-01-12,84.82476806640625
2010-01-13,85.54124450683594
2010-01-14,85.77255249023438
2010-01-15,84.8098373413086
2010-01-19,85.86957550048828
2010-01-20,84.99640655517578
2010-01-21,83.36199188232422
2010-01-22,81.50369262695312
2010-01-25,81.921630859375
2010-01-26,81.57832336425781
2010-01-27,81.9664306640625
2010-01-28,81.02606201171875
2010-01-29,80.14543914794922
2010-02-01,81.39177703857422
2010-02-02,82.37689208984375
2010-02-03,81.9664306640625
2010-02-04,79.43647766113281
2010-02-05,79.60064697265625
2010-02-08,79.02598571777344
2010-02-09,80.01856994628906
2010-02-10,79.86185455322266
2010-02-11,80.69771575927734
2010-02-12,80.63053894042969
2010-02-16,81.89928436279297
2010-02-17,82.28732299804688
2010-02-18,82.77239990234375
2010-02-19,82.94407653808594
2010-02-22,82.95901489257812
2010-02-23,81.95150756835938
2010-02-24,82.70526123046875
2010-02-25,82.59331512451172
2010-02-26,82.64556121826172
2010-03-01,83.50381469726562
2010-03-02,83.73516845703125
2010-03-03,83.8097915649414
2010-03-04,84.06352233886719
2010-03-05,85.26509094238281
2010-03-08,85.2800064086914
2010-03-09,85.42180633544922
2010-03-10,85.80244445800781
2010-03-11,86.16064453125
2010-03-12,86.16809844970703
2010-03-15,86.19049072265625
2010-03-16,86.8770751953125
2010-03-17,87.39204406738281
2010-03-18,87.34725952148438
2010-03-19,86.90514373779297
2010-03-22,87.36974334716797
2010-03-23,87.9842300415039
2010-03-24,87.55707550048828
2010-03-25,87.41472625732422
2010-03-26,87.36224365234375
2010-03-29,87.9167709350586
2010-03-30,87.97675323486328
2010-03-31,87.6769790649414
2010-04-01,88.27648162841797
2010-04-05,88.99588775634766
2010-04-06,89.20569610595703
2010-04-07,88.69612121582031
2010-04-08,89.00336456298828
2010-04-09,89.58789825439453
2010-04-12,89.73027801513672
2010-04-13,89.7977066040039
2010-04-14,90.81687927246094
2010-04-15,90.89178466796875
2010-04-16,89.44551086425781
2010-04-19,89.78272247314453
2010-04-20,90.58457946777344
2010-04-21,90.41972351074219
2010-04-22,90.68948364257812
2010-04-23,91.28148651123047
2010-04-26,90.93677520751953
2010-04-27,88.78605651855469
2010-04-28,89.46049499511719
2010-04-29,90.5695571899414
2010-04-30,89.03336334228516
2010-05-03,90.1874008178711
2010-05-04,88.06663513183594
2010-05-05,87.54209899902344
2010-05-06,84.6344985961914
2010-05-07,83.37557983398438
2010-05-10,87.04750061035156
2010-05-11,86.80020141601562
2010-05-12,88.01420593261719
2010-05-13,86.92010498046875
2010-05-14,85.34642028808594
2010-05-17,85.39139556884766
2010-05-18,84.22987365722656
2010-05-19,83.7502670288086
2010-05-20,80.5879135131836
2010-05-21,81.7644271850586
2010-05-24,80.71527862548828
2010-05-25,80.7977066040039
2010-05-26,80.31063079833984
2010-05-27,83.0008773803711
2010-05-28,81.95925903320312
2010-06-01,80.58041381835938
2010-06-02,82.67865753173828
2010-06-03,82.96342468261719
2010-06-04,80.04830169677734
2010-06-07,79.05168914794922
2010-06-08,79.89849853515625
2010-06-09,79.47132873535156
2010-06-10,81.79438781738281
2010-06-11,82.19155883789062
2010-06-14,82.06416320800781
2010-06-15,83.93012237548828
2010-06-16,83.90016174316406
2010-06-17,84.0350112915039
2010-06-18,84.1261215209961
2010-06-21,83.88517761230469
2010-06-22,82.49974822998047
2010-06-23,82.24376678466797
2010-06-24,80.88095092773438
2010-06-25,81.21977233886719
2010-06-28,80.96378326416016
2010-06-29,78.46400451660156
2010-06-30,77.7186279296875
2010-07-01,77.37223052978516
2010-07-02,76.95059204101562
2010-07-06,77.455078125
2010-07-07,79.89458465576172
2010-07-08,80.68518829345703
2010-07-09,81.28755950927734
2010-07-12,81.34025573730469
2010-07-13,82.56755828857422
2010-07-14,82.56000518798828
2010-07-15,82.5826187133789
2010-07-16,80.30873107910156
2010-07-19,80.78307342529297
2010-07-20,81.6790771484375
2010-07-21,80.61739349365234
2010-07-22,82.41697692871094
2010-07-23,83.13223266601562
2010-07-26,83.99810791015625
2010-07-27,83.9906005859375
2010-07-28,83.44849395751953
2010-07-29,83.04190826416016
2010-07-30,83.02681732177734
2010-08-02,84.901611328125
2010-08-03,84.49505615234375
2010-08-04,85.0597915649414
2010-08-05,84.96941375732422
2010-08-06,84.62307739257812
2010-08-09,85.07483673095703
2010-08-10,84.61553192138672
2010-08-11,82.29647064208984
2010-08-12,81.79198455810547
2010-08-13,81.55104064941406
2010-08-16,81.51342010498047
2010-08-17,82.51484680175781
2010-08-18,82.66542053222656
2010-08-19,81.22728729248047
2010-08-20,80.96378326416016
2010-08-23,80.65509033203125
2010-08-24,79.4579086303711
2010-08-25,79.7666015625
2010-08-26,79.23200988769531
2010-08-27,80.45932006835938
2010-08-30,79.29228973388672
2010-08-31,79.29228973388672
2010-09-01,81.66399383544922
2010-09-02,82.42449951171875
2010-09-03,83.49365234375
2010-09-07,82.5524673461914
2010-09-08,83.13223266601562
2010-09-09,83.51624298095703
2010-09-10,83.93789672851562
2010-09-13,84.87155151367188
2010-09-14,84.81884002685547
2010-09-15,85.1426010131836
2010-09-16,85.12002563476562
2010-09-17,85.15181732177734
2010-09-20,86.45379638671875
2010-09-21,86.27970886230469
2010-09-22,85.85577392578125
2010-09-23,85.15938568115234
2010-09-24,86.91554260253906
2010-09-27,86.49922943115234
2010-09-28,86.802001953125
2010-09-29,86.6506118774414
2010-09-30,86.39324188232422
2010-10-01,86.75657653808594
2010-10-04,86.10559844970703
2010-10-05,87.83905792236328
2010-10-06,87.83148956298828
2010-10-07,87.72549438476562
2010-10-08,88.21755981445312
2010-10-11,88.3008041381836
2010-10-12,88.57331085205078
2010-10-13,89.26215362548828
2010-10-14,88.91395568847656
2010-10-15,89.09562683105469
2010-10-18,89.53466033935547
2010-10-19,88.3613510131836
2010-10-20,89.22431182861328
2010-10-21,89.42112731933594
2010-10-22,89.5876693725586
2010-10-25,89.85261535644531
2010-10-26,89.86772155761719
2010-10-27,89.61035919189453
2010-10-28,89.6255111694336
2010-10-29,89.69364166259766
2010-11-01,89.72393035888672
2010-11-02,90.43548583984375
2010-11-03,90.79883575439453
2010-11-04,92.54740142822266
2010-11-05,92.89563751220703
2010-11-08,92.72151184082031
2010-11-09,92.0553970336914
2010-11-10,92.4262924194336
2010-11-11,92.07808685302734
2010-11-12,90.98804473876953
2010-11-15,90.85936737060547
2010-11-16,89.44383239746094
2010-11-17,89.4892807006836
2010-11-18,90.80638885498047
2010-11-19,91.05619049072266
2010-11-22,90.98047637939453
2010-11-23,89.66337585449219
2010-11-24,90.98804473876953
2010-11-26,89.92829895019531
2010-11-29,90.20079803466797
2010-11-30,89.69364166259766
2010-12-01,91.6011962890625
2010-12-02,92.77449798583984
2010-12-03,93.02433776855469
2010-12-06,92.92591094970703
2010-12-07,92.9789047241211
2010-12-08,93.31953430175781
2010-12-09,93.68285369873047
2010-12-10,94.22789001464844
2010-12-13,94.2884521484375
2010-12-14,94.3717269897461
2010-12-15,93.94024658203125
2010-12-16,94.48529052734375
2010-12-17,94.58647155761719
2010-12-20,94.81478118896484
2010-12-21,95.41590118408203
2010-12-22,95.71269226074219
2010-12-23,95.57572937011719
2010-12-27,95.61378479003906
2010-12-28,95.75074005126953
2010-12-29,95.81919860839844
2010-12-30,95.66704559326172
2010-12-31,95.68987274169922
2011-01-03,96.67913055419922
2011-01-04,96.62584686279297
2011-01-05,97.1280746459961
2011-01-06,96.93782043457031
2011-01-07,96.74759674072266
2011-01-10,96.62584686279297
2011-01-11,96.96826934814453
2011-01-12,97.84336853027344
2011-01-13,97.68354797363281
2011-01-14,98.39125061035156
2011-01-18,98.55865478515625
2011-01-19,97.59225463867188
2011-01-20,97.462890625
2011-01-21,97.68354797363281
2011-01-24,98.23904418945312
2011-01-25,98.29229736328125
2011-01-26,98.67279052734375
2011-01-27,98.91631317138672
2011-01-28,97.1889419555664
2011-01-31,97.9194564819336
2011-02-01,99.48699951171875
2011-02-02,99.29676818847656
2011-02-03,99.5174560546875
2011-02-04,99.79898834228516
2011-02-07,100.4229965209961
2011-02-08,100.87955474853516
2011-02-09,100.65126037597656
2011-02-10,100.68933868408203
2011-02-11,101.29044342041016
2011-02-14,101.53395080566406
2011-02-15,101.21437072753906
2011-02-16,101.85359954833984
2011-02-17,102.15795135498047
2011-02-18,102.37098693847656
2011-02-22,100.3164291381836
2011-02-23,99.7000961303711
2011-02-24,99.6316146850586
2011-02-25,100.69693756103516
2011-02-28,101.32090759277344
2011-03-01,99.6316146850586
2011-03-02,99.84468078613281
2011-03-03,101.56439208984375
2011-03-04,100.8034439086914
2011-03-07,100.01210021972656
2011-03-08,100.88716125488281
2011-03-09,100.74260711669922
2011-03-10,98.87825775146484
2011-03-11,99.56310272216797
2011-03-14,98.96195220947266
2011-03-15,97.82815551757812
2011-03-16,96.01708984375
2011-03-17,97.287841796875
2011-03-18,97.6417236328125
2011-03-21,99.15499114990234
2011-03-22,98.81103515625
2011-03-23,99.09382629394531
2011-03-24,100.04145050048828
2011-03-25,100.3471908569336
2011-03-28,100.10263061523438
2011-03-29,100.77519989013672
2011-03-30,101.47067260742188
2011-03-31,101.33307647705078
2011-04-01,101.76106262207031
2011-04-04,101.84513854980469
2011-04-05,101.82982635498047
2011-04-06,102.15086364746094
2011-04-07,101.89098358154297
2011-04-08,101.53944396972656
2011-04-11,101.2337417602539
2011-04-12,100.47712707519531
2011-04-13,100.469482421875
2011-04-14,100.5458984375
2011-04-15,100.91272735595703
2011-04-18,99.78163146972656
2011-04-19,100.35480499267578
2011-04-20,101.72289276123047
2011-04-21,102.2425765991211
2011-04-25,102.13555908203125
2011-04-26,103.01441955566406
2011-04-27,103.68702697753906
2011-04-28,104.02327728271484
2011-04-29,104.267822265625
2011-05-02,104.10735321044922
2011-05-03,103.73287963867188
2011-05-04,103.04502868652344
2011-05-05,102.11258697509766
2011-05-06,102.56353759765625
2011-05-09,102.96098327636719
2011-05-10,103.83983612060547
2011-05-11,102.74699401855469
2011-05-12,103.23612976074219
2011-05-13,102.44120788574219
2011-05-16,101.79165649414062
2011-05-17,101.77632904052734
2011-05-18,102.68582153320312
2011-05-19,102.93038177490234
2011-05-20,102.11258697509766
2011-05-23,100.92804718017578
2011-05-24,100.84394836425781
2011-05-25,101.18024444580078
2011-05-26,101.64645385742188
2011-05-27,102.03622436523438
2011-05-31,103.0985336303711
2011-06-01,100.78282165527344
2011-06-02,100.6758041381836
2011-06-03,99.67465209960938
2011-06-06,98.61995697021484
2011-06-07,98.55883026123047
2011-06-08,98.14613342285156
2011-06-09,98.89511108398438
2011-06-10,97.51944732666016
2011-06-13,97.59586334228516
2011-06-14,98.83396911621094
2011-06-15,97.07614135742188
2011-06-16,97.29011535644531
2011-06-17,97.5804672241211
2011-06-20,98.07971954345703
2011-06-21,99.42377471923828
2011-06-22,98.82471466064453
2011-06-23,98.54055786132812
2011-06-24,97.3961410522461
2011-06-27,98.26404571533203
2011-06-28,99.54666137695312
2011-06-29,100.39923095703125
2011-06-30,101.35926055908203
2011-07-01,102.85694122314453
2011-07-05,102.77246856689453
2011-07-06,102.8953628540039
2011-07-07,103.96295928955078
2011-07-08,103.22563934326172
2011-07-11,101.35926055908203
2011-07-12,100.92146301269531
2011-07-13,101.25943756103516
2011-07-14,100.56050109863281
2011-07-15,101.14421844482422
2011-07-18,100.31473541259766
2011-07-19,101.94297790527344
2011-07-20,101.88153076171875
2011-07-21,103.29476165771484
2011-07-22,103.36388397216797
2011-07-25,102.78783416748047
2011-07-26,102.40384674072266
2011-07-27,100.3070297241211
2011-07-28,100.01519012451172
2011-07-29,99.3316421508789
2011-08-01,98.9092025756836
2011-08-02,96.38230895996094
2011-08-03,96.90460205078125
2011-08-04,92.36547088623047
2011-08-05,92.2271728515625
2011-08-08,86.22107696533203
2011-08-09,90.23027038574219
2011-08-10,86.24409484863281
2011-08-11,90.11507415771484
2011-08-12,90.72181701660156
2011-08-15,92.64191436767578
2011-08-16,91.85083770751953
2011-08-17,91.91229248046875
2011-08-18,87.94915008544922
2011-08-19,86.51290893554688
2011-08-22,86.58203887939453
2011-08-23,89.4315185546875
2011-08-24,90.69107818603516
2011-08-25,89.30860900878906
2011-08-26,90.60659790039062
2011-08-29,93.21031188964844
2011-08-30,93.45606231689453
2011-08-31,93.87078857421875
2011-09-01,92.88771057128906
2011-09-02,90.51445770263672
2011-09-06,89.85389709472656
2011-09-07,92.38848876953125
2011-09-08,91.42842102050781
2011-09-09,89.03211212158203
2011-09-12,89.60813903808594
2011-09-13,90.42996978759766
2011-09-14,91.68189239501953
2011-09-15,93.26404571533203
2011-09-16,93.81602478027344
2011-09-19,92.88191223144531
2011-09-20,92.77381134033203
2011-09-21,90.04084777832031
2011-09-22,87.13032531738281
2011-09-23,87.65528869628906
2011-09-26,89.73974609375
2011-09-27,90.74341583251953
2011-09-28,88.89054870605469
2011-09-29,89.59308624267578
2011-09-30,87.35425567626953
2011-10-03,84.86830139160156
2011-10-04,86.72889709472656
2011-10-05,88.33468627929688
2011-10-06,89.93280029296875
2011-10-07,89.33058166503906
2011-10-10,92.31832885742188
2011-10-11,92.41097259521484
2011-10-12,93.22159576416016
2011-10-13,93.03632354736328
2011-10-14,94.62665557861328
2011-10-17,92.82012939453125
2011-10-18,94.6344223022461
2011-10-19,93.51496887207031
2011-10-20,93.92413330078125
2011-10-21,95.70748138427734
2011-10-24,96.88095092773438
2011-10-25,94.99723815917969
2011-10-26,95.9622573852539
2011-10-27,99.30513763427734
2011-10-28,99.28196716308594
2011-10-31,96.8886947631836
2011-11-01,94.18659210205078
2011-11-02,95.72293853759766
2011-11-03,97.46769714355469
2011-11-04,96.87324523925781
2011-11-07,97.47542572021484
2011-11-08,98.72610473632812
2011-11-09,95.0821533203125
2011-11-10,95.97769927978516
2011-11-11,97.78424072265625
2011-11-14,96.8578109741211
2011-11-15,97.33647918701172
2011-11-16,95.79243469238281
2011-11-17,94.27153778076172
2011-11-18,94.17118072509766
2011-11-21,92.38007354736328
2011-11-22,92.01726531982422
2011-11-23,89.98680877685547
2011-11-25,89.81696319580078
2011-11-28,92.41870880126953
2011-11-29,92.68119049072266
2011-11-30,96.49494934082031
2011-12-01,96.47953796386719
2011-12-02,96.39461517333984
2011-12-05,97.44452667236328
2011-12-06,97.47542572021484
2011-12-07,97.83826446533203
2011-12-08,95.69207763671875
2011-12-09,97.31332397460938
2011-12-12,95.89280700683594
2011-12-13,94.99723815917969
2011-12-14,93.98590087890625
2011-12-15,94.32557678222656
2011-12-16,94.4654312133789
2011-12-19,93.4554443359375
2011-12-20,96.2834243774414
2011-12-21,96.46987915039062
2011-12-22,97.32447814941406
2011-12-23,98.19462585449219
2011-12-27,98.27235412597656
2011-12-28,96.98265838623047
2011-12-29,97.98484802246094
2011-12-30,97.503173828125
2012-01-03,99.05699157714844
2012-01-04,99.21240234375
2012-01-05,99.4765625
2012-01-06,99.22016143798828
2012-01-09,99.46101379394531
2012-01-10,100.32340240478516
2012-01-11,100.37773895263672
2012-01-12,100.61862182617188
2012-01-13,100.09807586669922
2012-01-17,100.48654174804688
2012-01-18,101.5975112915039
2012-01-19,102.13361358642578
2012-01-20,102.5142593383789
2012-01-23,102.2501449584961
2012-01-24,102.13361358642578
2012-01-25,102.98822021484375
2012-01-26,102.45989990234375
2012-01-27,102.41327667236328
2012-01-30,102.06364440917969
2012-01-31,102.02481842041016
2012-02-01,102.91829681396484
2012-02-02,103.08145141601562
2012-02-03,104.52649688720703
2012-02-06,104.45658874511719
2012-02-07,104.72071075439453
2012-02-08,105.03150177001953
2012-02-09,105.16358947753906
2012-02-10,104.38662719726562
2012-02-13,105.16358947753906
2012-02-14,105.03150177001953
2012-02-15,104.54205322265625
2012-02-16,105.69963836669922
2012-02-17,105.97933197021484
2012-02-21,106.02594757080078
2012-02-22,105.68415069580078
2012-02-23,106.1502685546875
2012-02-24,106.38329315185547
2012-02-27,106.56204986572266
2012-02-28,106.87281799316406
2012-02-29,106.45330810546875
2012-03-01,107.00489807128906
2012-03-02,106.67858123779297
2012-03-05,106.24349975585938
2012-03-06,104.6896743774414
2012-03-07,105.41996002197266
2012-03-08,106.46879577636719
2012-03-09,106.88056945800781
2012-03-12,106.88836669921875
2012-03-13,108.81510925292969
2012-03-14,108.69857788085938
2012-03-15,109.3278579711914
2012-03-16,109.47924041748047
2012-03-19,109.90841674804688
2012-03-20,109.5885238647461
2012-03-21,109.40904998779297
2012-03-22,108.62085723876953
2012-03-23,108.97203826904297
2012-03-26,110.50146484375
2012-03-27,110.15811157226562
2012-03-28,109.61190032958984
2012-03-29,109.42467498779297
2012-03-30,109.8772201538086
2012-04-02,110.68094635009766
2012-04-03,110.22834014892578
2012-04-04,109.13594055175781
2012-04-05,109.08129119873047
2012-04-09,107.8561782836914
2012-04-10,106.04582214355469
2012-04-11,106.90419006347656
2012-04-12,108.30094146728516
2012-04-13,107.01344299316406
2012-04-16,106.94320678710938
2012-04-17,108.52723693847656
2012-04-18,108.16048431396484
2012-04-19,107.46602630615234
2012-04-20,107.64550018310547
2012-04-23,106.74031066894531
2012-04-24,107.14608764648438
2012-04-25,108.61309051513672
2012-04-26,109.37001037597656
2012-04-27,109.54946899414062
2012-04-30,109.14370727539062
2012-05-01,109.82260131835938
2012-05-02,109.494873046875
2012-05-03,108.65988159179688
2012-05-04,106.90419006347656
2012-05-07,106.98226165771484
2012-05-08,106.55303955078125
2012-05-09,105.92097473144531
2012-05-10,106.13948059082031
2012-05-11,105.81951141357422
2012-05-14,104.64906311035156
2012-05-15,104.04821014404297
2012-05-16,103.65023803710938
2012-05-17,102.11299133300781
2012-05-18,101.23904418945312
2012-05-21,102.97917175292969
2012-05-22,103.1586685180664
2012-05-23,103.21324157714844
2012-05-24,103.41609954833984
2012-05-25,103.08059692382812
2012-05-29,104.32910919189453
2012-05-30,102.8152847290039
2012-05-31,102.58898162841797
2012-06-01,100.0061264038086
2012-06-04,99.9593276977539
2012-06-05,100.7162094116211
2012-06-06,102.97917175292969
2012-06-07,103.04161071777344
2012-06-08,103.86094665527344
2012-06-11,102.54222869873047
2012-06-12,103.72045135498047
2012-06-13,103.05718994140625
2012-06-14,104.1496353149414
2012-06-15,105.21480560302734
2012-06-18,105.41873931884766
2012-06-19,106.43843078613281
2012-06-20,106.26585388183594
2012-06-21,103.88139343261719
2012-06-22,104.68147277832031
2012-06-25,103.0029067993164
2012-06-26,103.52054595947266
2012-06-27,104.45397186279297
2012-06-28,104.15591430664062
2012-06-29,106.75215148925781
2012-07-02,107.07371520996094
2012-07-03,107.77967834472656
2012-07-05,107.29337310791016
2012-07-06,106.27368927001953
2012-07-09,106.140380859375
2012-07-10,105.21480560302734
2012-07-11,105.23050689697266
2012-07-12,104.72067260742188
2012-07-13,106.4776382446289
2012-07-16,106.22663116455078
2012-07-17,106.95609283447266
2012-07-18,107.7483139038086
2012-07-19,108.03070068359375
2012-07-20,107.04241180419922
2012-07-23,105.9599609375
2012-07-24,105.05007934570312
2012-07-25,105.07360076904297
2012-07-26,106.80707550048828
2012-07-27,108.77583312988281
2012-07-30,108.77583312988281
2012-07-31,108.0150146484375
2012-08-01,107.92086029052734
2012-08-02,107.17572784423828
2012-08-03,109.30135345458984
2012-08-06,109.51313018798828
2012-08-07,110.06219482421875
2012-08-08,110.1955337524414
2012-08-09,110.28968048095703
2012-08-10,110.47003173828125
2012-08-13,110.4151382446289
2012-08-14,110.43087005615234
2012-08-15,110.55630493164062
2012-08-16,111.37208557128906
2012-08-17,111.52110290527344
2012-08-20,111.52896881103516
2012-08-21,111.19169616699219
2012-08-22,111.23876953125
2012-08-23,110.32891082763672
2012-08-24,110.99559020996094
2012-08-27,111.01910400390625
2012-08-28,110.90933990478516
2012-08-29,110.99559020996094
2012-08-30,110.1955337524414
2012-08-31,110.7210464477539
2012-09-04,110.61907958984375
2012-09-05,110.52494049072266
2012-09-06,112.76825714111328
2012-09-07,113.20751953125
2012-09-10,112.56433868408203
2012-09-11,112.8780746459961
2012-09-12,113.25454711914062
2012-09-13,114.98016357421875
2012-09-14,115.49003601074219
2012-09-17,115.09783935546875
2012-09-18,115.00371551513672
2012-09-19,115.0664291381836
2012-09-20,115.0743179321289
2012-09-21,115.02621459960938
2012-09-24,114.85271453857422
2012-09-25,113.63046264648438
2012-09-26,112.99171447753906
2012-09-27,114.0562515258789
2012-09-28,113.52794647216797
2012-10-01,113.82759857177734
2012-10-02,113.94584655761719
2012-10-03,114.4111328125
2012-10-04,115.23117065429688
2012-10-05,115.23910522460938
2012-10-08,114.84484100341797
2012-10-09,113.70930480957031
2012-10-10,112.98387145996094
2012-10-11,113.04691314697266
2012-10-12,112.67631530761719
2012-10-15,113.61469268798828
2012-10-16,114.7659683227539
2012-10-17,115.2863540649414
2012-10-18,114.98677825927734
2012-10-19,113.070556640625
2012-10-22,113.08635711669922
2012-10-23,111.51709747314453
2012-10-24,111.20173645019531
2012-10-25,111.52505493164062
2012-10-26,111.46189880371094
2012-10-31,111.46189880371094
2012-11-01,112.62895965576172
2012-11-02,111.62752532958984
2012-11-05,111.85621643066406
2012-11-06,112.73152923583984
2012-11-07,110.17658233642578
2012-11-08,108.85179138183594
2012-11-09,108.9464111328125
2012-11-12,109.03323364257812
2012-11-13,108.65469360351562
2012-11-14,107.18797302246094
2012-11-15,107.00662994384766
2012-11-16,107.5349349975586
2012-11-19,109.71136474609375
2012-11-20,109.7586669921875
2012-11-21,109.96366882324219
2012-11-23,111.46189880371094
2012-11-26,111.22532653808594
2012-11-27,110.65763854980469
2012-11-28,111.54869079589844
2012-11-29,112.069091796875
2012-11-30,112.09276580810547
2012-12-03,111.54078674316406
2012-12-04,111.383056640625
2012-12-05,111.58023071289062
2012-12-06,111.95869445800781
2012-12-07,112.29778289794922
2012-12-10,112.34510040283203
2012-12-11,113.11000061035156
2012-12-12,113.16522216796875
2012-12-13,112.47129821777344
2012-12-14,112.05331420898438
2012-12-17,113.3702163696289
2012-12-18,114.63188171386719
2012-12-19,113.7802734375
2012-12-20,114.43475341796875
2012-12-21,113.3960189819336
2012-12-24,113.046630859375
2012-12-26,112.57014465332031
2012-12-27,112.41926574707031
2012-12-28,111.20418548583984
2012-12-31,113.09424591064453
2013-01-02,115.99287414550781
2013-01-03,115.7308349609375
2013-01-04,116.2390365600586
2013-01-07,115.92139434814453
2013-01-08,115.58789825439453
2013-01-09,115.88166809082031
2013-01-10,116.80290985107422
2013-01-11,116.79499053955078
2013-01-14,116.71561431884766
2013-01-15,116.79499053955078
2013-01-16,116.77909851074219
2013-01-17,117.53353881835938
2013-01-18,117.79562377929688
2013-01-22,118.43092346191406
2013-01-23,118.62149047851562
2013-01-24,118.65330505371094
2013-01-25,119.32035827636719
2013-01-28,119.17742919921875
2013-01-29,119.64598846435547
2013-01-30,119.17742919921875
2013-01-31,118.8835678100586
2013-02-01,120.10659790039062
2013-02-04,118.75651550292969
2013-02-05,119.95568084716797
2013-02-06,120.04303741455078
2013-02-07,119.88420104980469
2013-02-08,120.55130004882812
2013-02-11,120.52743530273438
2013-02-12,120.72596740722656
2013-02-13,120.8292236328125
2013-02-14,120.9404067993164
2013-02-15,120.79749298095703
2013-02-19,121.70278930664062
2013-02-20,120.18599700927734
2013-02-21,119.4553451538086
2013-02-22,120.62275695800781
2013-02-25,118.32772064208984
2013-02-26,119.13773345947266
2013-02-27,120.63866424560547
2013-02-28,120.40042114257812
2013-03-01,120.79749298095703
2013-03-04,121.440673828125
2013-03-05,122.52870178222656
2013-03-06,122.69544219970703
2013-03-07,122.9178466796875
2013-03-08,123.44202423095703
2013-03-11,123.91050720214844
2013-03-12,123.63257598876953
2013-03-13,123.80731201171875
2013-03-14,124.46642303466797
2013-03-15,124.3021011352539
2013-03-18,123.61605834960938
2013-03-19,123.32891082763672
2013-03-20,124.19039916992188
2013-03-21,123.1294937133789
2013-03-22,124.11868286132812
2013-03-25,123.60010528564453
2013-03-26,124.58924102783203
2013-03-27,124.58924102783203
2013-03-28,124.97218322753906
2013-04-01,124.47754669189453
2013-04-02,125.0918197631836
2013-04-03,123.823486328125
2013-04-04,124.32604217529297
2013-04-05,123.76764678955078
2013-04-08,124.60523986816406
2013-04-09,125.03599548339844
2013-04-10,126.56749725341797
2013-04-11,126.98229217529297
2013-04-12,126.6712646484375
2013-04-15,123.73575592041016
2013-04-16,125.5624008178711
2013-04-17,123.72774505615234
2013-04-18,122.95398712158203
2013-04-19,124.02293395996094
2013-04-22,124.57331848144531
2013-04-23,125.85755157470703
2013-04-24,125.93737030029297
2013-04-25,126.44782257080078
2013-04-26,126.22453308105469
2013-04-29,127.07007598876953
2013-04-30,127.3731689453125
2013-05-01,126.2564468383789
2013-05-02,127.42900085449219
2013-05-03,128.72122192382812
2013-05-06,129.04824829101562
2013-05-07,129.70236206054688
2013-05-08,130.29263305664062
2013-05-09,129.92575073242188
2013-05-10,130.34849548339844
2013-05-13,130.45217895507812
2013-05-14,131.80026245117188
2013-05-15,132.51016235351562
2013-05-16,131.8879852294922
2013-05-17,133.16429138183594
2013-05-20,133.15626525878906
2013-05-21,133.3477020263672
2013-05-22,132.358642578125
2013-05-23,131.97576904296875
2013-05-24,131.86404418945312
2013-05-28,132.65377807617188
2013-05-29,131.7923126220703
2013-05-30,132.27882385253906
2013-05-31,130.38040161132812
2013-06-03,131.09835815429688
2013-06-04,130.4681396484375
2013-06-05,128.64141845703125
2013-06-06,129.8061065673828
2013-06-07,131.457275390625
2013-06-10,131.457275390625
2013-06-11,130.10118103027344
2013-06-12,129.02438354492188
2013-06-13,130.98658752441406
2013-06-14,130.1650390625
2013-06-17,131.1700897216797
2013-06-18,132.20712280273438
2013-06-19,130.38040161132812
2013-06-20,127.14984130859375
2013-06-21,127.5579833984375
2013-06-24,125.94615173339844
2013-06-25,127.15702819824219
2013-06-26,128.41600036621094
2013-06-27,129.16981506347656
2013-06-28,128.64051818847656
2013-07-01,129.39437866210938
2013-07-02,129.27401733398438
2013-07-03,129.33021545410156
2013-07-05,130.7254638671875
2013-07-08,131.47125244140625
2013-07-09,132.41746520996094
2013-07-10,132.46560668945312
2013-07-11,134.26986694335938
2013-07-12,134.3260498046875
2013-07-15,134.8392791748047
2013-07-16,134.3340301513672
2013-07-17,134.6788330078125
2013-07-18,135.41659545898438
2013-07-19,135.6571807861328
2013-07-22,135.9217529296875
2013-07-23,135.633056640625
2013-07-24,135.1359100341797
2013-07-25,135.4646453857422
2013-07-26,135.6090850830078
2013-07-29,135.19207763671875
2013-07-30,135.19207763671875
2013-07-31,135.28829956054688
2013-08-01,136.85191345214844
2013-08-02,137.0845489501953
2013-08-05,136.88404846191406
2013-08-06,136.10623168945312
2013-08-07,135.66517639160156
2013-08-08,136.16238403320312
2013-08-09,135.76943969726562
2013-08-12,135.6090850830078
2013-08-13,136.00994873046875
2013-08-14,135.31234741210938
2013-08-15,133.4198455810547
2013-08-16,132.97879028320312
2013-08-19,132.12879943847656
2013-08-20,132.7783203125
2013-08-21,131.96038818359375
2013-08-22,133.16323852539062
2013-08-23,133.61233520507812
2013-08-26,133.1151123046875
2013-08-27,130.97410583496094
2013-08-28,131.43914794921875
2013-08-29,131.64764404296875
2013-08-30,131.2306365966797
2013-09-03,131.82411193847656
2013-09-04,132.91468811035156
2013-09-05,133.0830535888672
2013-09-06,133.1471710205078
2013-09-09,134.42222595214844
2013-09-10,135.41659545898438
2013-09-11,135.84158325195312
2013-09-12,135.48068237304688
2013-09-13,135.78549194335938
2013-09-16,136.5713348388672
2013-09-17,137.18077087402344
2013-09-18,138.76852416992188
2013-09-19,138.53598022460938
2013-09-20,137.5673828125
2013-09-23,136.9308319091797
2013-09-24,136.60845947265625
2013-09-25,136.21359252929688
2013-09-26,136.73739624023438
2013-09-27,136.1088409423828
2013-09-30,135.3836212158203
2013-10-01,136.45541381835938
2013-10-02,136.32644653320312
2013-10-03,135.06939697265625
2013-10-04,136.0927734375
2013-10-07,134.91627502441406
2013-10-08,133.34494018554688
2013-10-09,133.441650390625
2013-10-10,136.31842041015625
2013-10-11,137.19671630859375
2013-10-14,137.74472045898438
2013-10-15,136.74545288085938
2013-10-16,138.6552734375
2013-10-17,139.58187866210938
2013-10-18,140.52468872070312
2013-10-21,140.53277587890625
2013-10-22,141.3466796875
2013-10-23,140.66973876953125
2013-10-24,141.13705444335938
2013-10-25,141.78176879882812
2013-10-28,142.00738525390625
2013-10-29,142.7648468017578
2013-10-30,142.0557098388672
2013-10-31,141.65281677246094
2013-11-01,141.99130249023438
2013-11-04,142.4908905029297
2013-11-05,142.03964233398438
2013-11-06,142.7648468017578
2013-11-07,140.95985412597656
2013-11-08,142.86158752441406
2013-11-11,142.88571166992188
2013-11-12,142.59561157226562
2013-11-13,143.7399139404297
2013-11-14,144.45704650878906
2013-11-15,145.08560180664062
2013-11-18,144.57786560058594
2013-11-19,144.26368713378906
2013-11-20,143.8123779296875
2013-11-21,144.97271728515625
2013-11-22,145.6979522705078
2013-11-25,145.5528564453125
2013-11-26,145.5932159423828
2013-11-27,145.94781494140625
2013-11-29,145.85108947753906
2013-12-02,145.47232055664062
2013-12-03,144.84385681152344
2013-12-04,144.82772827148438
2013-12-05,144.19110107421875
2013-12-06,145.802734375
2013-12-09,146.1734161376953
2013-12-10,145.64964294433594
2013-12-11,144.01390075683594
2013-12-12,143.5384063720703
2013-12-13,143.52230834960938
2013-12-16,144.41676330566406
2013-12-17,143.9574432373047
2013-12-18,146.41514587402344
2013-12-19,146.24591064453125
2013-12-20,147.0966339111328
2013-12-23,147.88247680664062
2013-12-24,148.20657348632812
2013-12-26,148.96005249023438
2013-12-27,148.951904296875
2013-12-30,148.92764282226562
2013-12-31,149.63247680664062
2014-01-02,148.19842529296875
2014-01-03,148.17413330078125
2014-01-06,147.7447509765625
2014-01-07,148.6521759033203
2014-01-08,148.68460083007812
2014-01-09,148.78182983398438
2014-01-10,149.18687438964844
2014-01-13,147.2019500732422
2014-01-14,148.80612182617188
2014-01-15,149.60821533203125
2014-01-16,149.4137420654297
2014-01-17,148.78182983398438
2014-01-21,149.2193145751953
2014-01-22,149.31654357910156
2014-01-23,148.09315490722656
2014-01-24,144.93344116210938
2014-01-27,144.2205047607422
2014-01-28,145.0792236328125
2014-01-29,143.68576049804688
2014-01-30,145.2088165283203
2014-01-31,144.3582305908203
2014-02-03,141.10935974121094
2014-02-04,142.09786987304688
2014-02-05,141.91958618164062
2014-02-06,143.7910919189453
2014-02-07,145.57347106933594
2014-02-10,145.84085083007812
2014-02-11,147.43690490722656
2014-02-12,147.5098114013672
2014-02-13,148.27139282226562
2014-02-14,149.08969116210938
2014-02-18,149.26792907714844
2014-02-19,148.2794647216797
2014-02-20,149.15452575683594
2014-02-21,148.9843292236328
2014-02-24,149.8107452392578
2014-02-25,149.75404357910156
2014-02-26,149.76217651367188
2014-02-27,150.54803466796875
2014-02-28,150.92880249023438
2014-03-03,149.867431640625
2014-03-04,151.97386169433594
2014-03-05,152.11170959472656
2014-03-06,152.46005249023438
2014-03-07,152.52488708496094
2014-03-10,152.44383239746094
2014-03-11,151.69033813476562
2014-03-12,151.73086547851562
2014-03-13,150.02947998046875
2014-03-14,149.60821533203125
2014-03-17,150.96119689941406
2014-03-18,152.0387420654297
2014-03-19,151.22860717773438
2014-03-20,152.11170959472656
2014-03-21,151.52169799804688
2014-03-24,150.8950958251953
2014-03-25,151.61122131347656
2014-03-26,150.52078247070312
2014-03-27,150.20343017578125
2014-03-28,150.94387817382812
2014-03-31,152.1807861328125
2014-04-01,153.18988037109375
2014-04-02,153.7025146484375
2014-04-03,153.4990997314453
2014-04-04,151.6844024658203
2014-04-07,150.00807189941406
2014-04-08,150.62657165527344
2014-04-09,152.24594116210938
2014-04-10,149.0478973388672
2014-04-11,147.7051239013672
2014-04-14,148.86875915527344
2014-04-15,149.89414978027344
2014-04-16,151.46470642089844
2014-04-17,151.67625427246094
2014-04-21,152.2052459716797
2014-04-22,152.8969268798828
2014-04-23,152.5388641357422
2014-04-24,152.84808349609375
2014-04-25,151.5949249267578
2014-04-28,152.0749969482422
2014-04-29,152.78305053710938
2014-04-30,153.23875427246094
2014-05-01,153.25502014160156
2014-05-02,153.03526306152344
2014-05-05,153.32818603515625
2014-05-06,151.99362182617188
2014-05-07,152.88877868652344
2014-05-08,152.7260284423828
2014-05-09,152.95387268066406
2014-05-12,154.44305419921875
2014-05-13,154.5814666748047
2014-05-14,153.8489990234375
2014-05-15,152.49815368652344
2014-05-16,153.02713012695312
2014-05-19,153.588623046875
2014-05-20,152.62026977539062
2014-05-21,153.90599060058594
2014-05-22,154.28028869628906
2014-05-23,154.89878845214844
2014-05-27,155.85084533691406
2014-05-28,155.7369384765625
2014-05-29,156.54254150390625
2014-05-30,156.7947540283203
2014-06-02,156.9738311767578
2014-06-03,156.89247131347656
2014-06-04,157.20986938476562
2014-06-05,158.23516845703125
2014-06-06,158.99195861816406
2014-06-09,159.15469360351562
2014-06-10,159.17100524902344
2014-06-11,158.61761474609375
2014-06-12,157.4947052001953
2014-06-13,157.97483825683594
2014-06-16,158.1049346923828
2014-06-17,158.54441833496094
2014-06-18,159.70809936523438
2014-06-19,159.88706970214844
2014-06-20,160.21173095703125
2014-06-23,160.16265869140625
2014-06-24,159.1978302001953
2014-06-25,159.9173583984375
2014-06-26,159.80284118652344
2014-06-27,160.11358642578125
2014-06-30,160.03184509277344
2014-07-01,161.10296630859375
2014-07-02,161.2665252685547
2014-07-03,162.0596466064453
2014-07-07,161.49542236328125
2014-07-08,160.45700073242188
2014-07-09,161.176513671875
2014-07-10,160.53878784179688
2014-07-11,160.759521484375
2014-07-14,161.5690460205078
2014-07-15,161.2665252685547
2014-07-16,161.86338806152344
2014-07-17,160.02365112304688
2014-07-18,161.6589813232422
2014-07-21,161.35641479492188
2014-07-22,162.0596466064453
2014-07-23,162.41937255859375
2014-07-24,162.42755126953125
2014-07-25,161.66714477539062
2014-07-28,161.73257446289062
2014-07-29,161.03756713867188
2014-07-30,161.0620574951172
2014-07-31,157.88133239746094
2014-08-01,157.39895629882812
2014-08-04,158.5355224609375
2014-08-05,156.9982452392578
2014-08-06,157.04739379882812
2014-08-07,156.1969757080078
2014-08-08,158.00399780273438
2014-08-11,158.46192932128906
2014-08-12,158.2411651611328
2014-08-13,159.31231689453125
2014-08-14,160.06455993652344
2014-08-15,160.03184509277344
2014-08-18,161.3727569580078
2014-08-19,162.21493530273438
2014-08-20,162.64833068847656
2014-08-21,163.12254333496094
2014-08-22,162.86907958984375
2014-08-25,163.69496154785156
2014-08-26,163.80120849609375
2014-08-27,163.7357940673828
2014-08-28,163.64585876464844
2014-08-29,164.1119384765625
2014-09-02,164.03016662597656
2014-09-03,163.94027709960938
2014-09-04,163.70310974121094
2014-09-05,164.43899536132812
2014-09-08,164.01385498046875
2014-09-09,162.97540283203125
2014-09-10,163.5886688232422
2014-09-11,163.77671813964844
2014-09-12,162.8200225830078
2014-09-15,162.6973876953125
2014-09-16,163.923828125
2014-09-17,164.1446533203125
2014-09-18,165.01951599121094
2014-09-19,164.87083435058594
2014-09-22,163.5975341796875
2014-09-23,162.6610565185547
2014-09-24,163.93431091308594
2014-09-25,161.28919982910156
2014-09-26,162.5706787109375
2014-09-29,162.2749481201172
2014-09-30,161.84780883789062
2014-10-01,159.65447998046875
2014-10-02,159.6791534423828
2014-10-03,161.43707275390625
2014-10-06,161.2481231689453
2014-10-07,158.75900268554688
2014-10-08,161.53558349609375
2014-10-09,158.33189392089844
2014-10-10,156.52459716796875
2014-10-13,153.953369140625
2014-10-14,154.19166564941406
2014-10-15,153.14834594726562
2014-10-16,153.0169219970703
2014-10-17,154.8241729736328
2014-10-20,156.32748413085938
2014-10-21,159.4244384765625
2014-10-22,158.29083251953125
2014-10-23,160.13095092773438
2014-10-24,161.36314392089844
2014-10-27,161.14129638671875
2014-10-28,162.9896240234375
2014-10-29,162.74313354492188
2014-10-30,163.78651428222656
2014-10-31,165.65951538085938
2014-11-03,165.74986267089844
2014-11-04,165.17478942871094
2014-11-05,166.2180938720703
2014-11-06,166.88343811035156
2014-11-07,167.0395050048828
2014-11-10,167.56529235839844
2014-11-11,167.7295684814453
2014-11-12,167.54888916015625
2014-11-13,167.73779296875
2014-11-14,167.77894592285156
2014-11-17,167.8856964111328
2014-11-18,168.85501098632812
2014-11-19,168.58392333984375
2014-11-20,168.8796844482422
2014-11-21,169.7832794189453
2014-11-24,170.259765625
2014-11-25,170.13653564453125
2014-11-26,170.5719757080078
2014-11-28,170.21043395996094
2014-12-01,169.02755737304688
2014-12-02,170.12013244628906
2014-12-03,170.7772674560547
2014-12-04,170.58834838867188
2014-12-05,170.86766052246094
2014-12-08,169.7257537841797
2014-12-09,169.61082458496094
2014-12-10,166.8916778564453
2014-12-11,167.73779296875
2014-12-12,165.0269012451172
2014-12-15,163.8932647705078
2014-12-16,162.5789031982422
2014-12-17,165.76637268066406
2014-12-18,169.86541748046875
2014-12-19,170.5882110595703
2014-12-22,171.37294006347656
2014-12-23,171.6042022705078
2014-12-24,171.62074279785156
2014-12-26,172.17416381835938
2014-12-29,172.4054412841797
2014-12-30,171.48028564453125
2014-12-31,169.77874755859375
2015-01-02,169.687744140625
2015-01-05,166.62330627441406
2015-01-06,165.0539093017578
2015-01-07,167.1106719970703
2015-01-08,170.07608032226562
2015-01-09,168.71315002441406
2015-01-12,167.39144897460938
2015-01-13,166.9207000732422
2015-01-14,165.9129638671875
2015-01-15,164.39312744140625
2015-01-16,166.54896545410156
2015-01-20,166.90420532226562
2015-01-21,167.74667358398438
2015-01-22,170.24130249023438
2015-01-23,169.30787658691406
2015-01-26,169.704345703125
2015-01-27,167.46585083007812
2015-01-28,165.3182373046875
2015-01-29,166.8463897705078
2015-01-30,164.748291015625
2015-02-02,166.78854370117188
2015-02-03,169.20050048828125
2015-02-04,168.5562286376953
2015-02-05,170.25779724121094
2015-02-06,169.78695678710938
2015-02-09,169.02706909179688
2015-02-10,170.82774353027344
2015-02-11,170.9268798828125
2015-02-12,172.57066345214844
2015-02-13,173.281005859375
2015-02-17,173.5536346435547
2015-02-18,173.57009887695312
2015-02-19,173.44615173339844
2015-02-20,174.48699951171875
2015-02-23,174.4622039794922
2015-02-24,174.95779418945312
2015-02-25,174.80914306640625
2015-02-26,174.60260009765625
2015-02-27,174.00784301757812
2015-03-02,175.10646057128906
2015-03-03,174.3878631591797
2015-03-04,173.6527099609375
2015-03-05,173.8426971435547
2015-03-06,171.3976593017578
2015-03-09,172.10809326171875
2015-03-10,169.31610107421875
2015-03-11,168.9196319580078
2015-03-12,171.0673065185547
2015-03-13,170.0182342529297
2015-03-16,172.28977966308594
2015-03-17,171.7776336669922
2015-03-18,173.8426971435547
2015-03-19,173.04971313476562
2015-03-20,174.5772247314453
2015-03-23,174.23707580566406
2015-03-24,173.25796508789062
2015-03-25,170.71910095214844
2015-03-26,170.31260681152344
2015-03-27,170.70252990722656
2015-03-30,172.7850341796875
2015-03-31,171.27500915527344
2015-04-01,170.66932678222656
2015-04-02,171.2833251953125
2015-04-06,172.4365234375
2015-04-07,171.98025512695312
2015-04-08,172.56097412109375
2015-04-09,173.32431030273438
2015-04-10,174.27020263671875
2015-04-13,173.48194885253906
2015-04-14,173.81387329101562
2015-04-15,174.59378051757812
2015-04-16,174.5440216064453
2015-04-17,172.53614807128906
2015-04-20,174.112548828125
2015-04-21,173.90513610839844
2015-04-22,174.75973510742188
2015-04-23,175.19944763183594
2015-04-24,175.6060333251953
2015-04-27,174.8759002685547
2015-04-28,175.43177795410156
2015-04-29,174.70994567871094
2015-04-30,172.9593048095703
2015-05-01,174.8344268798828
2015-05-04,175.33216857910156
2015-05-05,173.32431030273438
2015-05-06,172.61080932617188
2015-05-07,173.2994384765625
2015-05-08,175.58116149902344
2015-05-11,174.74314880371094
2015-05-12,174.2204132080078
2015-05-13,174.253662109375
2015-05-14,176.07066345214844
2015-05-15,176.26144409179688
2015-05-18,176.8091278076172
2015-05-19,176.75099182128906
2015-05-20,176.6265106201172
2015-05-21,177.1409912109375
2015-05-22,176.7178497314453
2015-05-26,174.81784057617188
2015-05-27,176.4772186279297
2015-05-28,176.2781219482422
2015-05-29,175.18289184570312
2015-06-01,175.53970336914062
2015-06-02,175.3654022216797
2015-06-03,175.83001708984375
2015-06-04,174.3448944091797
2015-06-05,174.04620361328125
2015-06-08,172.9759063720703
2015-06-09,172.9510498046875
2015-06-10,175.0252227783203
2015-06-11,175.58944702148438
2015-06-12,174.24526977539062
2015-06-15,173.4986114501953
2015-06-16,174.44444274902344
2015-06-17,174.72654724121094
2015-06-18,176.5436248779297
2015-06-19,175.75991821289062
2015-06-22,176.66029357910156
2015-06-23,176.78533935546875
2015-06-24,175.50143432617188
2015-06-25,174.96778869628906
2015-06-26,174.93446350097656
2015-06-29,171.2660675048828
2015-06-30,171.6245574951172
2015-07-01,173.00018310546875
2015-07-02,172.84178161621094
2015-07-06,172.34988403320312
2015-07-07,173.43373107910156
2015-07-08,170.52401733398438
2015-07-09,170.83245849609375
2015-07-10,172.98353576660156
2015-07-13,174.892822265625
2015-07-14,175.65147399902344
2015-07-15,175.5931396484375
2015-07-16,177.0021514892578
2015-07-17,177.15223693847656
2015-07-20,177.24395751953125
2015-07-21,176.5436248779297
2015-07-22,176.22679138183594
2015-07-23,175.23458862304688
2015-07-24,173.4170684814453
2015-07-27,172.40826416015625
2015-07-28,174.52590942382812
2015-07-29,175.72647094726562
2015-07-30,175.7682342529297
2015-07-31,175.50143432617188
2015-08-03,174.90943908691406
2015-08-04,174.5676727294922
2015-08-05,175.14291381835938
2015-08-06,173.70892333984375
2015-08-07,173.37542724609375
2015-08-10,175.55978393554688
2015-08-11,173.97569274902344
2015-08-12,174.1841583251953
2015-08-13,173.9673614501953
2015-08-14,174.60101318359375
2015-08-17,175.57647705078125
2015-08-18,175.06788635253906
2015-08-19,173.6838836669922
2015-08-20,170.0570831298828
2015-08-21,164.93800354003906
2015-08-24,157.99302673339844
2015-08-25,156.1337432861328
2015-08-26,162.12828063964844
2015-08-27,166.13853454589844
2015-08-28,166.14686584472656
2015-08-31,164.8046112060547
2015-09-01,159.8855743408203
2015-09-02,162.92034912109375
2015-09-03,163.0370635986328
2015-09-04,160.56922912597656
2015-09-08,164.60447692871094
2015-09-09,162.4033966064453
2015-09-10,163.2871551513672
2015-09-11,164.02920532226562
2015-09-14,163.4206085205078
2015-09-15,165.46322631835938
2015-09-16,166.89723205566406
2015-09-17,166.52206420898438
2015-09-18,163.8009033203125
2015-09-21,164.64732360839844
2015-09-22,162.51023864746094
2015-09-23,162.2504119873047
2015-09-24,161.6637725830078
2015-09-25,161.62193298339844
2015-09-28,157.5656280517578
2015-09-29,157.65780639648438
2015-09-30,160.59947204589844
2015-10-01,161.01840209960938
2015-10-02,163.42372131347656
2015-10-05,166.33184814453125
2015-10-06,165.761962890625
2015-10-07,167.1196746826172
2015-10-08,168.628173828125
2015-10-09,168.72874450683594
2015-10-12,168.88795471191406
2015-10-13,167.8235626220703
2015-10-14,167.01905822753906
2015-10-15,169.58358764648438
2015-10-16,170.3545684814453
2015-10-19,170.4384765625
2015-10-20,170.22047424316406
2015-10-21,169.1645050048828
2015-10-22,172.02235412597656
2015-10-23,173.90798950195312
2015-10-26,173.48057556152344
2015-10-27,173.14540100097656
2015-10-28,175.1148223876953
2015-10-29,175.0142822265625
2015-10-30,174.25997924804688
2015-11-02,176.32159423828125
2015-11-03,176.8328399658203
2015-11-04,176.2965087890625
2015-11-05,176.12046813964844
2015-11-06,176.0283203125
2015-11-09,174.38575744628906
2015-11-10,174.7880096435547
2015-11-11,174.10073852539062
2015-11-12,171.67039489746094
2015-11-13,169.74276733398438
2015-11-16,172.32400512695312
2015-11-17,172.19830322265625
2015-11-18,174.93048095703125
2015-11-19,174.7796173095703
2015-11-20,175.41648864746094
2015-11-23,175.2154083251953
2015-11-24,175.45004272460938
2015-11-25,175.42489624023438
2015-11-27,175.62603759765625
2015-11-30,174.89688110351562
2015-12-01,176.56468200683594
2015-12-02,174.7628173828125
2015-12-03,172.31570434570312
2015-12-04,175.67636108398438
2015-12-07,174.6119842529297
2015-12-08,173.4386749267578
2015-12-09,172.08935546875
2015-12-10,172.53353881835938
2015-12-11,169.18966674804688
2015-12-14,170.0445098876953
2015-12-15,171.82958984375
2015-12-16,174.34378051757812
2015-12-17,171.68710327148438
2015-12-18,168.62850952148438
2015-12-21,170.0194854736328
2015-12-22,171.5623321533203
2015-12-23,173.6868438720703
2015-12-24,173.4001922607422
2015-12-28,173.0039825439453
2015-12-29,174.8502655029297
2015-12-30,173.6109619140625
2015-12-31,171.87429809570312
2016-01-04,169.47154235839844
2016-01-05,169.75820922851562
2016-01-06,167.6168212890625
2016-01-07,163.595458984375
2016-01-08,161.79974365234375
2016-01-11,161.9599151611328
2016-01-12,163.2666473388672
2016-01-13,159.19471740722656
2016-01-14,161.80812072753906
2016-01-15,158.33477783203125
2016-01-19,158.54551696777344
2016-01-20,156.5137481689453
2016-01-21,157.39059448242188
2016-01-22,160.6194610595703
2016-01-25,158.19139099121094
2016-01-26,160.34967041015625
2016-01-27,158.60450744628906
2016-01-28,159.43072509765625
2016-01-29,163.3172607421875
2016-02-01,163.2582550048828
2016-02-02,160.31593322753906
2016-02-03,161.2770233154297
2016-02-04,161.52993774414062
2016-02-05,158.45277404785156
2016-02-08,156.3198699951172
2016-02-09,156.32827758789062
2016-02-10,156.1934356689453
2016-02-11,154.16160583496094
2016-02-12,157.33995056152344
2016-02-16,159.9955596923828
2016-02-17,162.60906982421875
2016-02-18,161.94302368164062
2016-02-19,161.86717224121094
2016-02-22,164.2108612060547
2016-02-23,162.13697814941406
2016-02-24,162.87884521484375
2016-02-25,164.8515625
2016-02-26,164.4722442626953
2016-02-29,163.18238830566406
2016-03-01,167.0182342529297
2016-03-02,167.7685546875
2016-03-03,168.42613220214844
2016-03-04,168.97413635253906
2016-03-07,169.10903930664062
2016-03-08,167.2627410888672
2016-03-09,168.0889434814453
2016-03-10,168.2238006591797
2016-03-11,170.93841552734375
2016-03-14,170.71925354003906
2016-03-15,170.44107055664062
2016-03-16,171.42742919921875
2016-03-17,172.5150146484375
2016-03-18,173.1929168701172
2016-03-21,173.43870544433594
2016-03-22,173.34544372558594
2016-03-23,172.2014617919922
2016-03-24,172.12518310546875
2016-03-28,172.22686767578125
2016-03-29,173.82000732421875
2016-03-30,174.5826416015625
2016-03-31,174.15895080566406
2016-04-01,175.34532165527344
2016-04-04,174.77752685546875
2016-04-05,173.0319061279297
2016-04-06,174.92161560058594
2016-04-07,172.82850646972656
2016-04-08,173.2946014404297
2016-04-11,172.8878173828125
2016-04-12,174.4979248046875
2016-04-13,176.26048278808594
2016-04-14,176.26904296875
2016-04-15,176.07412719726562
2016-04-18,177.31134033203125
2016-04-19,177.87057495117188
2016-04-20,178.0401153564453
2016-04-21,177.08253479003906
2016-04-22,177.08253479003906
2016-04-25,176.7774200439453
2016-04-26,177.04019165039062
2016-04-27,177.40457153320312
2016-04-28,175.79444885253906
2016-04-29,174.8453369140625
2016-05-02,176.23509216308594
2016-05-03,174.70127868652344
2016-05-04,173.72677612304688
2016-05-05,173.69285583496094
2016-05-06,174.3284454345703
2016-05-09,174.47251892089844
2016-05-10,176.64186096191406
2016-05-11,174.98939514160156
2016-05-12,175.04029846191406
2016-05-13,173.51490783691406
2016-05-16,175.2266845703125
2016-05-17,173.59120178222656
2016-05-18,173.6420135498047
2016-05-19,173.04039001464844
2016-05-20,174.1334991455078
2016-05-23,173.896240234375
2016-05-24,176.1503143310547
2016-05-25,177.3451385498047
2016-05-26,177.39608764648438
2016-05-27,178.15875244140625
2016-05-31,177.8197479248047
2016-06-01,178.1841583251953
2016-06-02,178.72647094726562
2016-06-03,178.19256591796875
2016-06-06,179.0992889404297
2016-06-07,179.3789520263672
2016-06-08,179.96363830566406
2016-06-09,179.71788024902344
2016-06-10,178.01466369628906
2016-06-13,176.64186096191406
2016-06-14,176.2943878173828
2016-06-15,176.04872131347656
2016-06-16,176.57408142089844
2016-06-17,175.91644287109375
2016-06-20,177.0493927001953
2016-06-21,177.55197143554688
2016-06-22,177.26234436035156
2016-06-23,179.57073974609375
2016-06-24,173.1225128173828
2016-06-27,170.02195739746094
2016-06-28,173.0884552001953
2016-06-29,176.0357666015625
2016-06-30,178.43783569335938
2016-07-01,178.81263732910156
2016-07-05,177.52639770507812
2016-07-06,178.59117126464844
2016-07-07,178.48040771484375
2016-07-08,181.13804626464844
2016-07-11,181.77691650390625
2016-07-12,183.09722900390625
2016-07-13,183.07168579101562
2016-07-14,184.09385681152344
2016-07-15,183.8468475341797
2016-07-18,184.34092712402344
2016-07-19,184.1535186767578
2016-07-20,184.920166015625
2016-07-21,184.22164916992188
2016-07-22,185.0479278564453
2016-07-25,184.54527282714844
2016-07-26,184.6305389404297
2016-07-27,184.4346160888672
2016-07-28,184.64755249023438
2016-07-29,184.94570922851562
2016-08-01,184.79234313964844
2016-08-02,183.60830688476562
2016-08-03,184.14503479003906
2016-08-04,184.34092712402344
2016-08-05,185.84861755371094
2016-08-08,185.73789978027344
2016-08-09,185.84861755371094
2016-08-10,185.38864135742188
2016-08-11,186.24893188476562
2016-08-12,186.08709716796875
2016-08-15,186.623779296875
2016-08-16,185.66123962402344
2016-08-17,186.01039123535156
2016-08-18,186.4278106689453
2016-08-19,186.1552734375
2016-08-22,186.14678955078125
2016-08-23,186.52149963378906
2016-08-24,185.5675506591797
2016-08-25,185.43972778320312
2016-08-26,185.0904998779297
2016-08-29,186.0019073486328
2016-08-30,185.69532775878906
2016-08-31,185.16712951660156
2016-09-01,185.17562866210938
2016-09-02,186.01039123535156
2016-09-06,186.5726776123047
2016-09-07,186.5556182861328
2016-09-08,186.12965393066406
2016-09-09,181.6747283935547
2016-09-12,184.28128051757812
2016-09-13,181.6321563720703
2016-09-14,181.56394958496094
2016-09-15,183.3783416748047
2016-09-16,182.6694793701172
2016-09-19,182.7036895751953
2016-09-20,182.7122802734375
2016-09-21,184.76698303222656
2016-09-22,185.93125915527344
2016-09-23,184.91241455078125
2016-09-26,183.414306640625
2016-09-27,184.5529327392578
2016-09-28,185.468994140625
2016-09-29,183.79095458984375
2016-09-30,185.1779327392578
2016-10-03,184.7327117919922
2016-10-04,183.79095458984375
2016-10-05,184.60430908203125
2016-10-06,184.7327117919922
2016-10-07,184.09918212890625
2016-10-10,185.05801391601562
2016-10-11,182.7208709716797
2016-10-12,182.96055603027344
2016-10-13,182.3612823486328
2016-10-14,182.4554443359375
2016-10-17,181.8218994140625
2016-10-18,182.96055603027344
2016-10-19,183.44859313964844
2016-10-20,183.1061248779297
2016-10-21,183.19171142578125
2016-10-24,183.97079467773438
2016-10-25,183.35433959960938
2016-10-26,182.98622131347656
2016-10-27,182.49826049804688
2016-10-28,181.95889282226562
2016-10-31,181.96746826171875
2016-11-01,180.64903259277344
2016-11-02,179.561767578125
2016-11-03,178.73989868164062
2016-11-04,178.54302978515625
2016-11-07,182.48114013671875
2016-11-08,183.30300903320312
2016-11-09,185.2463836669922
2016-11-10,185.70867919921875
2016-11-11,185.28065490722656
2016-11-14,185.42616271972656
2016-11-15,186.87303161621094
2016-11-16,186.52197265625
2016-11-17,187.48086547851562
2016-11-18,187.06134033203125
2016-11-21,188.47398376464844
2016-11-22,188.8420867919922
2016-11-23,188.94479370117188
2016-11-25,189.64682006835938
2016-11-28,188.75645446777344
2016-11-29,189.1245880126953
2016-11-30,188.6708526611328
2016-12-01,187.97740173339844
2016-12-02,188.07156372070312
2016-12-05,189.20159912109375
2016-12-06,189.8009490966797
2016-12-07,192.28366088867188
2016-12-08,192.75450134277344
2016-12-09,193.91885375976562
2016-12-12,193.69630432128906
2016-12-13,194.98904418945312
2016-12-14,193.3795166015625
2016-12-15,194.17568969726562
2016-12-16,193.79591369628906
2016-12-19,194.21786499023438
2016-12-20,194.96710205078125
2016-12-21,194.424560546875
2016-12-22,194.0886993408203
2016-12-23,194.37286376953125
2016-12-27,194.8551788330078
2016-12-28,193.24481201171875
2016-12-29,193.20172119140625
2016-12-30,192.4955291748047
2017-01-03,193.96815490722656
2017-01-04,195.1221160888672
2017-01-05,194.96710205078125
2017-01-06,195.66465759277344
2017-01-09,195.01876831054688
2017-01-10,195.01876831054688
2017-01-11,195.5699462890625
2017-01-12,195.07901000976562
2017-01-13,195.52682495117188
2017-01-17,194.83790588378906
2017-01-18,195.26852416992188
2017-01-19,194.54513549804688
2017-01-20,195.25990295410156
2017-01-23,194.75180053710938
2017-01-24,196.00047302246094
2017-01-25,197.6969451904297
2017-01-26,197.49032592773438
2017-01-27,197.18026733398438
2017-01-30,195.9574432373047
2017-01-31,195.94021606445312
2017-02-01,196.0177001953125
2017-02-02,196.14688110351562
2017-02-03,197.49891662597656
2017-02-06,197.14585876464844
2017-02-07,197.15443420410156
2017-02-08,197.4127960205078
2017-02-09,198.58399963378906
2017-02-10,199.3676300048828
2017-02-13,200.45269775390625
2017-02-14,201.2535858154297
2017-02-15,202.30422973632812
2017-02-16,202.13194274902344
2017-02-17,202.4506378173828
2017-02-21,203.6562042236328
2017-02-22,203.4753875732422
2017-02-23,203.6131591796875
2017-02-24,203.87152099609375
2017-02-27,204.19012451171875
2017-02-28,203.6389923095703
2017-03-01,206.48944091796875
2017-03-02,205.18905639648438
2017-03-03,205.3182830810547
2017-03-06,204.70684814453125
2017-03-07,204.0954132080078
2017-03-08,203.7165069580078
2017-03-09,203.9748992919922
2017-03-10,204.6896514892578
2017-03-13,204.79293823242188
2017-03-14,204.00930786132812
2017-03-15,205.7747039794922
2017-03-16,205.36990356445312
2017-03-17,205.00924682617188
2017-03-20,204.78440856933594
2017-03-21,202.15505981445312
2017-03-22,202.6307373046875
2017-03-23,202.41452026367188
2017-03-24,202.26748657226562
2017-03-27,202.05990600585938
2017-03-28,203.5302734375
2017-03-29,203.72052001953125
2017-03-30,204.36920166015625
2017-03-31,203.89352416992188
2017-04-03,203.53892517089844
2017-04-04,203.66860961914062
2017-04-05,203.0631561279297
2017-04-06,203.6340789794922
2017-04-07,203.42645263671875
2017-04-10,203.5475616455078
2017-04-11,203.305419921875
2017-04-12,202.41452026367188
2017-04-13,201.0998992919922
2017-04-17,202.88157653808594
2017-04-18,202.27618408203125
2017-04-19,201.90423583984375
2017-04-20,203.5475616455078
2017-04-21,202.89881896972656
2017-04-24,205.1303253173828
2017-04-25,206.32395935058594
2017-04-26,206.19419860839844
2017-04-27,206.36715698242188
2017-04-28,205.91741943359375
2017-05-01,206.4363250732422
2017-05-02,206.5142059326172
2017-05-03,206.26339721679688
2017-05-04,206.5055389404297
2017-05-05,207.3185577392578
2017-05-08,207.28399658203125
2017-05-09,207.09371948242188
2017-05-10,207.465576171875
2017-05-11,207.0417938232422
2017-05-12,206.69586181640625
2017-05-15,207.83749389648438
2017-05-16,207.64724731445312
2017-05-17,203.96273803710938
2017-05-18,204.78440856933594
2017-05-19,206.11639404296875
2017-05-22,207.16285705566406
2017-05-23,207.62127685546875
2017-05-24,208.1056365966797
2017-05-25,209.10025024414062
2017-05-26,209.05706787109375
2017-05-30,208.8754119873047
2017-05-31,208.823486328125
2017-06-01,210.484130859375
2017-06-02,211.1846923828125
2017-06-05,211.02906799316406
2017-06-06,210.3544158935547
2017-06-07,210.74363708496094
2017-06-08,210.8473663330078
2017-06-09,210.52734375
2017-06-12,210.484130859375
2017-06-13,211.5133514404297
2017-06-14,211.24530029296875
2017-06-15,210.8387451171875
2017-06-16,210.8848419189453
2017-06-19,212.6404571533203
2017-06-20,211.2063751220703
2017-06-21,211.15423583984375
2017-06-22,211.0586395263672
2017-06-23,211.31068420410156
2017-06-26,211.4497528076172
2017-06-27,209.74623107910156
2017-06-28,211.62353515625
2017-06-29,209.763671875
2017-06-30,210.1547393798828
2017-07-03,210.5111083984375
2017-07-05,210.99781799316406
2017-07-06,209.0683135986328
2017-07-07,210.4241943359375
2017-07-10,210.650146484375
2017-07-11,210.49368286132812
2017-07-12,212.0754852294922
2017-07-13,212.43190002441406
2017-07-14,213.42269897460938
2017-07-17,213.39659118652344
2017-07-18,213.5095672607422
2017-07-19,214.66549682617188
2017-07-20,214.76113891601562
2017-07-21,214.5699462890625
2017-07-24,214.51779174804688
2017-07-25,215.03919982910156
2017-07-26,215.0479278564453
2017-07-27,214.84803771972656
2017-07-28,214.5959930419922
2017-07-31,214.4742889404297
2017-08-01,214.95233154296875
2017-08-02,215.05661010742188
2017-08-03,214.63943481445312
2017-08-04,215.03053283691406
2017-08-07,215.43038940429688
2017-08-08,214.90016174316406
2017-08-09,214.8914794921875
2017-08-10,211.8582305908203
2017-08-11,212.171142578125
2017-08-14,214.27442932128906
2017-08-15,214.2483367919922
2017-08-16,214.62205505371094
2017-08-17,211.2759246826172
2017-08-18,210.94561767578125
2017-08-21,211.11077880859375
2017-08-22,213.31832885742188
2017-08-23,212.55352783203125
2017-08-24,212.05816650390625
2017-08-25,212.55352783203125
2017-08-28,212.56219482421875
2017-08-29,212.80560302734375
2017-08-30,213.81381225585938
2017-08-31,215.10012817382812
2017-09-01,215.40426635742188
2017-09-05,213.85719299316406
2017-09-06,214.58731079101562
2017-09-07,214.56118774414062
2017-09-08,214.30917358398438
2017-09-11,216.59498596191406
2017-09-12,217.32504272460938
2017-09-13,217.4293212890625
2017-09-14,217.35977172851562
2017-09-15,217.6524200439453
2017-09-18,218.1153564453125
2017-09-19,218.33372497558594
2017-09-20,218.4123077392578
2017-09-21,217.82708740234375
2017-09-22,217.87078857421875
2017-09-25,217.42530822753906
2017-09-26,217.55638122558594
2017-09-27,218.40357971191406
2017-09-28,218.66563415527344
2017-09-29,219.43421936035156
2017-10-02,220.38629150390625
2017-10-03,220.85794067382812
2017-10-04,221.1199493408203
2017-10-05,222.43011474609375
2017-10-06,222.17681884765625
2017-10-09,221.80996704101562
2017-10-10,222.3951873779297
2017-10-11,222.7445831298828
2017-10-12,222.4126739501953
2017-10-13,222.68338012695312
2017-10-16,222.98040771484375
2017-10-17,223.13758850097656
2017-10-18,223.35595703125
2017-10-19,223.41712951660156
2017-10-20,224.5700225830078
2017-10-23,223.69664001464844
2017-10-24,224.08966064453125
2017-10-25,222.98040771484375
2017-10-26,223.26858520507812
2017-10-27,225.09408569335938
2017-10-30,224.255615234375
2017-10-31,224.60499572753906
2017-11-01,224.90191650390625
2017-11-02,224.98931884765625
2017-11-03,225.7404327392578
2017-11-06,226.08982849121094
2017-11-07,225.93260192871094
2017-11-08,226.31692504882812
2017-11-09,225.49594116210938
2017-11-10,225.42601013183594
2017-11-13,225.6356201171875
2017-11-14,225.111572265625
2017-11-15,223.98484802246094
2017-11-16,225.8889617919922
2017-11-17,225.22512817382812
2017-11-20,225.60943603515625
2017-11-21,227.0855712890625
2017-11-22,226.88470458984375
2017-11-24,227.40875244140625
2017-11-27,227.29519653320312
2017-11-28,229.60107421875
2017-11-29,229.46133422851562
2017-11-30,231.47021484375
2017-12-01,230.98980712890625
2017-12-04,230.71035766601562
2017-12-05,229.8805694580078
2017-12-06,229.9242706298828
2017-12-07,230.64915466308594
2017-12-08,231.90695190429688
2017-12-11,232.6057586669922
2017-12-12,233.0161895751953
2017-12-13,232.989990234375
2017-12-14,232.03794860839844
2017-12-15,233.9702606201172
2017-12-18,235.45384216308594
2017-12-19,234.54966735839844
2017-12-20,234.4267120361328
2017-12-21,234.9095458984375
2017-12-22,234.84811401367188
2017-12-26,234.5672149658203
2017-12-27,234.68138122558594
2017-12-28,235.1642303466797
2017-12-29,234.2774658203125
2018-01-02,235.95428466796875
2018-01-03,237.44679260253906
2018-01-04,238.4475555419922
2018-01-05,240.03656005859375
2018-01-08,240.47549438476562
2018-01-09,241.01986694335938
2018-01-10,240.65106201171875
2018-01-11,242.4069061279297
2018-01-12,243.98715209960938
2018-01-16,243.15310668945312
2018-01-17,245.47080993652344
2018-01-18,245.05824279785156
2018-01-19,246.173095703125
2018-01-22,248.17465209960938
2018-01-23,248.70140075683594
2018-01-24,248.60484313964844
2018-01-25,248.7101593017578
2018-01-26,251.58973693847656
2018-01-29,249.9217987060547
2018-01-30,247.35838317871094
2018-01-31,247.481201171875
2018-02-01,247.20025634765625
2018-02-02,241.8186798095703
2018-02-05,231.70523071289062
2018-02-06,236.27032470703125
2018-02-07,234.9886016845703
2018-02-08,226.1744842529297
2018-02-09,229.5719451904297
2018-02-12,232.943115234375
2018-02-13,233.52244567871094
2018-02-14,236.67416381835938
2018-02-15,239.69412231445312
2018-02-16,239.76438903808594
2018-02-20,238.26321411132812
2018-02-21,237.0779571533203
2018-02-22,237.38526916503906
2018-02-23,241.1690673828125
2018-02-26,243.96954345703125
2018-02-27,240.9232177734375
2018-02-28,238.4827117919922
2018-03-01,235.0149688720703
2018-03-02,236.22642517089844
2018-03-05,238.9566650390625
2018-03-06,239.5624237060547
2018-03-07,239.47474670410156
2018-03-08,240.63356018066406
2018-03-09,244.82115173339844
2018-03-12,244.5137939453125
2018-03-13,242.93373107910156
2018-03-14,241.68698120117188
2018-03-15,241.42367553710938
2018-03-16,241.68540954589844
2018-03-19,238.41534423828125
2018-03-20,238.82077026367188
2018-03-21,238.3625030517578
2018-03-22,232.40408325195312
2018-03-23,227.4504852294922
2018-03-26,233.6732635498047
2018-03-27,229.69810485839844
2018-03-28,229.01937866210938
2018-03-29,231.94577026367188
2018-04-02,226.93927001953125
2018-04-03,229.8479461669922
2018-04-04,232.30709838867188
2018-04-05,234.14047241210938
2018-04-06,228.92245483398438
2018-04-09,230.0506591796875
2018-04-10,233.70855712890625
2018-04-11,232.48341369628906
2018-04-12,234.3960723876953
2018-04-13,233.70855712890625
2018-04-16,235.63006591796875
2018-04-17,238.15097045898438
2018-04-18,238.32725524902344
2018-04-19,237.0050506591797
2018-04-20,234.99545288085938
2018-04-23,234.96018981933594
2018-04-24,231.79588317871094
2018-04-25,232.36891174316406
2018-04-26,234.73106384277344
2018-04-27,234.9513397216797
2018-04-30,233.14439392089844
2018-05-01,233.5587158203125
2018-05-02,231.98983764648438
2018-05-03,231.4785919189453
2018-05-04,234.47537231445312
2018-05-07,235.26866149902344
2018-05-08,235.26866149902344
2018-05-09,237.5427703857422
2018-05-10,239.76388549804688
2018-05-11,240.49554443359375
2018-05-14,240.61004638671875
2018-05-15,238.95303344726562
2018-05-16,239.9578094482422
2018-05-17,239.7552032470703
2018-05-18,239.15579223632812
2018-05-21,240.9538116455078
2018-05-22,240.2838897705078
2018-05-23,240.9450225830078
2018-05-24,240.45144653320312
2018-05-25,239.8784942626953
2018-05-29,237.1196746826172
2018-05-30,240.2838897705078
2018-05-31,238.81198120117188
2018-06-01,241.15663146972656
2018-06-04,242.30238342285156
2018-06-05,242.4786834716797
2018-06-06,244.50596618652344
2018-06-07,244.4794921875
2018-06-08,245.2023468017578
2018-06-11,245.52842712402344
2018-06-12,245.8457489013672
2018-06-13,245.06121826171875
2018-06-14,245.67828369140625
2018-06-15,245.36480712890625
2018-06-18,244.86013793945312
2018-06-19,243.92166137695312
2018-06-20,244.33782958984375
2018-06-21,242.8060760498047
2018-06-22,243.24876403808594
2018-06-25,239.93746948242188
2018-06-26,240.46865844726562
2018-06-27,238.47662353515625
2018-06-28,239.84017944335938
2018-06-29,240.1854248046875
2018-07-02,240.6988983154297
2018-07-03,239.84890747070312
2018-07-05,241.8055877685547
2018-07-06,243.85079956054688
2018-07-09,246.04649353027344
2018-07-10,246.93199157714844
2018-07-11,245.12574768066406
2018-07-12,247.34811401367188
2018-07-13,247.5428466796875
2018-07-16,247.3214874267578
2018-07-17,248.3220672607422
2018-07-18,248.84439086914062
2018-07-19,247.90589904785156
2018-07-20,247.62258911132812
2018-07-23,248.08297729492188
2018-07-24,249.33126831054688
2018-07-25,251.4561309814453
2018-07-26,250.863037109375
2018-07-27,249.16307067871094
2018-07-30,247.8616485595703
2018-07-31,249.08338928222656
2018-08-01,248.66729736328125
2018-08-02,250.02197265625
2018-08-03,251.09336853027344
2018-08-06,252.01409912109375
2018-08-07,252.84622192382812
2018-08-08,252.73989868164062
2018-08-09,252.39468383789062
2018-08-10,250.70364379882812
2018-08-13,249.7652130126953
2018-08-14,251.35891723632812
2018-08-15,249.48182678222656
2018-08-16,251.50054931640625
2018-08-17,252.38595581054688
2018-08-20,252.9259490966797
2018-08-21,253.51919555664062
2018-08-22,253.3687286376953
2018-08-23,253.03219604492188
2018-08-24,254.5550537109375
2018-08-27,256.56488037109375
2018-08-28,256.6888732910156
2018-08-29,258.07000732421875
2018-08-30,257.0252990722656
2018-08-31,257.0340881347656
2018-09-04,256.5914306640625
2018-09-05,255.90089416503906
2018-09-06,255.1305694580078
2018-09-07,254.634765625
2018-09-10,255.07742309570312
2018-09-11,255.91859436035156
2018-09-12,255.98049926757812
2018-09-13,257.4945373535156
2018-09-14,257.5387878417969
2018-09-17,256.1752624511719
2018-09-18,257.56536865234375
2018-09-19,257.83978271484375
2018-09-20,259.92926025390625
2018-09-21,259.69183349609375
2018-09-24,258.8291320800781
2018-09-25,258.58892822265625
2018-09-26,257.8152160644531
2018-09-27,258.53570556640625
2018-09-28,258.56231689453125
2018-10-01,259.4605407714844
2018-10-02,259.3094177246094
2018-10-03,259.45172119140625
2018-10-04,257.4239196777344
2018-10-05,255.9831085205078
2018-10-08,255.9831085205078
2018-10-09,255.60955810546875
2018-10-10,247.51612854003906
2018-10-11,242.06419372558594
2018-10-12,245.42613220214844
2018-10-15,244.04763793945312
2018-10-16,249.38381958007812
2018-10-17,249.4282989501953
2018-10-18,245.82626342773438
2018-10-19,245.69290161132812
2018-10-22,244.59007263183594
2018-10-23,243.3449249267578
2018-10-24,235.97189331054688
2018-10-25,240.20538330078125
2018-10-26,235.9807891845703
2018-10-29,234.67335510253906
2018-10-30,238.15089416503906
2018-10-31,240.69451904296875
2018-11-01,243.2560272216797
2018-11-02,241.81521606445312
2018-11-05,243.14927673339844
2018-11-06,244.6878662109375
2018-11-07,249.9263458251953
2018-11-08,249.47276306152344
2018-11-09,247.03587341308594
2018-11-12,242.41993713378906
2018-11-13,241.96641540527344
2018-11-14,240.31210327148438
2018-11-15,242.82012939453125
2018-11-16,243.45166015625
2018-11-19,239.33380126953125
2018-11-20,234.9046630859375
2018-11-21,235.70509338378906
2018-11-23,234.13087463378906
2018-11-26,237.9107208251953
2018-11-27,238.7112579345703
2018-11-28,244.2075653076172
2018-11-29,243.67401123046875
2018-11-30,245.1592254638672
2018-12-03,248.40550231933594
2018-12-04,240.35655212402344
2018-12-06,239.991943359375
2018-12-07,234.41546630859375
2018-12-10,234.8601531982422
2018-12-11,234.91355895996094
2018-12-12,236.096435546875
2018-12-13,236.01632690429688
2018-12-14,231.6583709716797
2018-12-17,227.11358642578125
2018-12-18,226.86460876464844
2018-12-19,223.46710205078125
2018-12-20,219.82952880859375
2018-12-21,215.3253173828125
2018-12-24,209.6357879638672
2018-12-26,220.22763061523438
2018-12-27,221.91839599609375
2018-12-28,221.63214111328125
2018-12-31,223.5733642578125
2019-01-02,223.8059539794922
2019-01-03,218.46531677246094
2019-01-04,225.782958984375
2019-01-07,227.56321716308594
2019-01-08,229.70126342773438
2019-01-09,230.77471923828125
2019-01-10,231.58883666992188
2019-01-11,231.67828369140625
2019-01-14,230.26480102539062
2019-01-15,232.90382385253906
2019-01-16,233.46739196777344
2019-01-17,235.23863220214844
2019-01-18,238.36972045898438
2019-01-22,235.14926147460938
2019-01-23,235.64129638671875
2019-01-24,235.7664794921875
2019-01-25,237.7614288330078
2019-01-28,235.95436096191406
2019-01-29,235.64129638671875
2019-01-30,239.37158203125
2019-01-31,241.47389221191406
2019-02-01,241.5902557373047
2019-02-04,243.28990173339844
2019-02-05,244.3097686767578
2019-02-06,243.98760986328125
2019-02-07,241.6617431640625
2019-02-08,241.95701599121094
2019-02-11,242.0911102294922
2019-02-12,245.204345703125
2019-02-13,246.00050354003906
2019-02-14,245.45477294921875
2019-02-15,248.12954711914062
2019-02-19,248.55902099609375
2019-02-20,249.05995178222656
2019-02-21,248.17434692382812
2019-02-22,249.7130126953125
2019-02-25,250.05291748046875
2019-02-26,249.8739776611328
2019-02-27,249.76666259765625
2019-02-28,249.30137634277344
2019-03-01,250.858154296875
2019-03-04,249.94552612304688
2019-03-05,249.6056365966797
2019-03-06,248.09375
2019-03-07,246.0183563232422
2019-03-08,245.52638244628906
2019-03-11,249.0867919921875
2019-03-12,250.02603149414062
2019-03-13,251.6810760498047
2019-03-14,251.5200653076172
2019-03-15,252.7626495361328
2019-03-18,253.6791229248047
2019-03-19,253.74205017089844
2019-03-20,252.97837829589844
2019-03-21,255.83558654785156
2019-03-22,250.9117431640625
2019-03-25,250.7230987548828
2019-03-26,252.59188842773438
2019-03-27,251.2711944580078
2019-03-28,252.2235870361328
2019-03-29,253.81398010253906
2019-04-01,256.8239440917969
2019-04-02,256.9497985839844
2019-04-03,257.3541564941406
2019-04-04,258.0370178222656
2019-04-05,259.2859802246094
2019-04-08,259.483642578125
2019-04-09,258.1537780761719
2019-04-10,259.03436279296875
2019-04-11,258.96246337890625
2019-04-12,260.714599609375
2019-04-15,260.5438232421875
2019-04-16,260.714599609375
2019-04-17,260.0766296386719
2019-04-18,260.5888366699219
2019-04-22,260.8133544921875
2019-04-23,263.15863037109375
2019-04-24,262.5745849609375
2019-04-25,262.4128112792969
2019-04-26,263.634765625
2019-04-29,264.04815673828125
2019-04-30,264.18292236328125
2019-05-01,262.1971130371094
2019-05-02,261.6310729980469
2019-05-03,264.19195556640625
2019-05-06,263.10467529296875
2019-05-07,258.7109069824219
2019-05-08,258.35150146484375
2019-05-09,257.56976318359375
2019-05-10,258.86358642578125
2019-05-13,252.3583221435547
2019-05-14,254.64059448242188
2019-05-15,256.1322326660156
2019-05-16,258.50421142578125
2019-05-17,256.8330383300781
2019-05-20,255.13485717773438
2019-05-21,257.43499755859375
2019-05-22,256.6443176269531
2019-05-23,253.50852966308594
2019-05-24,254.0835723876953
2019-05-28,251.72042846679688
2019-05-29,250.0311737060547
2019-05-30,250.71409606933594
2019-05-31,247.335693359375
2019-06-03,246.7067108154297
2019-06-04,252.0618438720703
2019-06-05,254.24526977539062
2019-06-06,255.89846801757812
2019-06-07,258.4592590332031
2019-06-10,259.6453857421875
2019-06-11,259.5824279785156
2019-06-12,259.1242370605469
2019-06-13,260.1934814453125
2019-06-14,259.9059753417969
2019-06-17,260.0047302246094
2019-06-18,262.72735595703125
2019-06-19,263.32025146484375
2019-06-20,265.836181640625
2019-06-21,265.4496765136719
2019-06-24,265.1246643066406
2019-06-25,262.5244140625
2019-06-26,262.2624816894531
2019-06-27,263.19256591796875
2019-06-28,264.546875
2019-07-01,266.94854736328125
2019-07-02,267.6437683105469
2019-07-03,269.7835388183594
2019-07-05,269.4765625
2019-07-08,267.99591064453125
2019-07-09,268.32989501953125
2019-07-10,269.6120910644531
2019-07-11,270.2440490722656
2019-07-12,271.4539794921875
2019-07-15,271.5442810058594
2019-07-16,270.6684265136719
2019-07-17,268.8265380859375
2019-07-18,269.81060791015625
2019-07-19,268.3118896484375
2019-07-22,268.9710388183594
2019-07-23,270.8941345214844
2019-07-24,272.167236328125
2019-07-25,270.8670349121094
2019-07-26,272.6818542480469
2019-07-29,272.18536376953125
2019-07-30,271.5171813964844
2019-07-31,268.5466003417969
2019-08-01,266.2081604003906
2019-08-02,264.20367431640625
2019-08-05,256.2582702636719
2019-08-06,259.8518371582031
2019-08-07,260.0053405761719
2019-08-08,265.1065673828125
2019-08-09,263.3008728027344
2019-08-12,260.09564208984375
2019-08-13,264.14044189453125
2019-08-14,256.3305358886719
2019-08-15,257.0077209472656
2019-08-16,260.7997741699219
2019-08-19,263.9418640136719
2019-08-20,261.91943359375
2019-08-21,264.05023193359375
2019-08-22,263.968994140625
2019-08-23,257.1882019042969
2019-08-26,260.0323791503906
2019-08-27,259.0120849609375
2019-08-28,260.8359680175781
2019-08-29,264.1675720214844
2019-08-30,264.05023193359375
2019-09-03,262.5063171386719
2019-09-04,265.4858703613281
2019-09-05,268.8987731933594
2019-09-06,269.1064453125
2019-09-09,269.2418212890625
2019-09-10,269.1786193847656
2019-09-11,271.09283447265625
2019-09-12,272.0318603515625
2019-09-13,271.8511657714844
2019-09-16,271.01153564453125
2019-09-17,271.69781494140625
2019-09-18,271.8602600097656
2019-09-19,271.84222412109375
2019-09-20,270.55780029296875
2019-09-23,270.4942626953125
2019-09-24,268.3717956542969
2019-09-25,269.95916748046875
2019-09-26,269.3967590332031
2019-09-27,267.9454345703125
2019-09-30,269.1881103515625
2019-10-01,265.9862060546875
2019-10-02,261.28759765625
2019-10-03,263.42828369140625
2019-10-04,266.9930725097656
2019-10-07,265.841064453125
2019-10-08,261.7139587402344
2019-10-09,264.1993713378906
2019-10-10,265.9862060546875
2019-10-11,268.7436828613281
2019-10-14,268.4443359375
2019-10-15,271.1020812988281
2019-10-16,270.6666564941406
2019-10-17,271.4648132324219
2019-10-18,270.2765197753906
2019-10-21,272.1088562011719
2019-10-22,271.219970703125
2019-10-23,272.0090637207031
2019-10-24,272.45355224609375
2019-10-25,273.5692443847656
2019-10-28,275.1111755371094
2019-10-29,275.0295715332031
2019-10-30,275.8731689453125
2019-10-31,275.138427734375
2019-11-01,277.6872253417969
2019-11-04,278.80291748046875
2019-11-05,278.4944763183594
2019-11-06,278.55810546875
2019-11-07,279.53765869140625
2019-11-08,280.22705078125
2019-11-11,279.6919250488281
2019-11-12,280.2814636230469
2019-11-13,280.3721618652344
2019-11-14,280.78033447265625
2019-11-15,282.81219482421875
2019-11-18,283.02081298828125
2019-11-19,282.93914794921875
2019-11-20,281.8869934082031
2019-11-21,281.4334411621094
2019-11-22,282.0592956542969
2019-11-25,284.2453308105469
2019-11-26,284.8893737792969
2019-11-27,286.15924072265625
2019-11-29,285.0979309082031
2019-12-02,282.67608642578125
2019-12-03,280.78033447265625
2019-12-04,282.5128479003906
2019-12-05,283.02081298828125
2019-12-06,285.6058654785156
2019-12-09,284.70794677734375
2019-12-10,284.3904113769531
2019-12-11,285.1978454589844
2019-12-12,287.6559143066406
2019-12-13,287.8282775878906
2019-12-16,289.8056335449219
2019-12-17,289.8691101074219
2019-12-18,289.88726806640625
2019-12-19,291.0754089355469
2019-12-20,292.35162353515625
2019-12-23,292.79833984375
2019-12-24,292.80743408203125
2019-12-26,294.3661193847656
2019-12-27,294.293212890625
2019-12-30,292.6706237792969
2019-12-31,293.38153076171875
2020-01-02,296.125244140625
2020-01-03,293.8829345703125
2020-01-06,295.0041809082031
2020-01-07,294.1746520996094
2020-01-08,295.7424621582031
2020-01-09,297.74774169921875
2020-01-10,296.89093017578125
2020-01-13,298.9327697753906
2020-01-14,298.4770812988281
2020-01-15,299.15155029296875
2020-01-16,301.6399841308594
2020-01-17,302.57879638671875
2020-01-21,301.98638916015625
2020-01-22,302.0227966308594
2020-01-23,302.3692321777344
2020-01-24,299.6801452636719
2020-01-27,294.87652587890625
2020-01-28,297.9666442871094
2020-01-29,297.7203369140625
2020-01-30,298.68670654296875
2020-01-31,293.26312255859375
2020-02-03,295.44171142578125
2020-02-04,299.944580078125
2020-02-05,303.4083557128906
2020-02-06,304.42919921875
2020-02-07,302.80670166015625
2020-02-10,305.0672912597656
2020-02-11,305.595947265625
2020-02-12,307.56488037109375
2020-02-13,307.2366943359375
2020-02-14,307.72894287109375
2020-02-18,306.93585205078125
2020-02-19,308.4034423828125
2020-02-20,307.136474609375
2020-02-21,303.9735412597656
2020-02-24,293.8919982910156
2020-02-25,284.9865417480469
2020-02-26,283.93829345703125
2020-02-27,271.1860656738281
2020-02-28,270.0466613769531
2020-03-02,281.74151611328125
2020-03-03,273.674560546875
2020-03-04,285.1779479980469
2020-03-05,275.6981506347656
2020-03-06,271.14056396484375
2020-03-09,249.96600341796875
2020-03-10,262.9004821777344
2020-03-11,250.08448791503906
2020-03-12,226.15708923339844
2020-03-13,245.4903564453125
2020-03-16,218.62789916992188
2020-03-17,230.43206787109375
2020-03-18,218.76463317871094
2020-03-19,219.2295379638672
2020-03-20,209.7820281982422
2020-03-23,204.41824340820312
2020-03-24,222.93914794921875
2020-03-25,226.2766571044922
2020-03-26,239.48892211914062
2020-03-27,232.3555450439453
2020-03-30,239.90145874023438
2020-03-31,236.3256378173828
2020-04-01,225.68988037109375
2020-04-02,230.8977508544922
2020-04-03,227.56031799316406
2020-04-06,242.8446044921875
2020-04-07,243.09222412109375
2020-04-08,251.25242614746094
2020-04-09,255.07583618164062
2020-04-13,252.7469482421875
2020-04-14,260.201171875
2020-04-15,254.6724853515625
2020-04-16,255.9009552001953
2020-04-17,262.8143310546875
2020-04-20,258.1840515136719
2020-04-21,250.3448028564453
2020-04-22,255.9009552001953
2020-04-23,255.8826904296875
2020-04-24,259.4493103027344
2020-04-27,263.19012451171875
2020-04-28,261.97991943359375
2020-04-29,268.8382568359375
2020-04-30,266.335205078125
2020-05-01,259.2843017578125
2020-05-04,259.9995422363281
2020-05-05,262.4016418457031
2020-05-06,260.6228942871094
2020-05-07,263.7678527832031
2020-05-08,268.13214111328125
2020-05-11,268.187255859375
2020-05-12,262.84185791015625
2020-05-13,258.1932067871094
2020-05-14,261.28314208984375
2020-05-15,262.4842529296875
2020-05-18,270.47943115234375
2020-05-19,267.7012939453125
2020-05-20,272.2489318847656
2020-05-21,270.3694152832031
2020-05-22,270.8828125
2020-05-26,274.22021484375
2020-05-27,278.3003845214844
2020-05-28,277.78692626953125
2020-05-29,279.024658203125
2020-06-01,280.1524353027344
2020-06-02,282.4721374511719
2020-06-03,286.23138427734375
2020-06-04,285.4795227050781
2020-06-05,292.7962646484375
2020-06-08,296.3354187011719
2020-06-09,294.1257019042969
2020-06-10,292.4845275878906
2020-06-11,275.62310791015625
2020-06-12,278.9238586425781
2020-06-15,281.52789306640625
2020-06-16,286.9465637207031
2020-06-17,285.754638671875
2020-06-18,285.8646240234375
2020-06-19,284.23101806640625
2020-06-22,286.05438232421875
2020-06-23,287.37127685546875
2020-06-24,280.0408020019531
2020-06-25,283.04290771484375
2020-06-26,276.3202819824219
2020-06-29,280.3815002441406
2020-06-30,283.97308349609375
2020-07-01,285.9622802734375
2020-07-02,287.53704833984375
2020-07-06,291.9758605957031
2020-07-07,288.96441650390625
2020-07-08,291.1747131347656
2020-07-09,289.5169982910156
2020-07-10,292.47308349609375
2020-07-13,289.9405822753906
2020-07-14,293.6979064941406
2020-07-15,296.396240234375
2020-07-16,295.4200134277344
2020-07-17,296.27655029296875
2020-07-20,298.67095947265625
2020-07-21,299.3063049316406
2020-07-22,301.0099792480469
2020-07-23,297.41845703125
2020-07-24,295.5029296875
2020-07-27,297.6578063964844
2020-07-28,295.77001953125
2020-07-29,299.4075622558594
2020-07-30,298.3393859863281
2020-07-31,300.6968994140625
2020-08-03,302.78741455078125
2020-08-04,303.95697021484375
2020-08-05,305.8448181152344
2020-08-06,307.88922119140625
2020-08-07,308.11029052734375
2020-08-10,309.03125
2020-08-11,306.480224609375
2020-08-12,310.75323486328125
2020-08-13,310.1914367675781
2020-08-14,310.20068359375
2020-08-17,311.18597412109375
2020-08-18,311.8583679199219
2020-08-19,310.55987548828125
2020-08-20,311.5268859863281
2020-08-21,312.6318664550781
2020-08-24,315.7998962402344
2020-08-25,316.9049987792969
2020-08-26,320.0821533203125
2020-08-27,320.781982421875
2020-08-28,322.8540954589844
2020-08-31,321.6844787597656
2020-09-01,324.71435546875
2020-09-02,329.4110107421875
2020-09-03,318.0745544433594
2020-09-04,315.4775085449219
2020-09-08,306.85784912109375
2020-09-09,312.9174499511719
2020-09-10,307.4839782714844
2020-09-11,307.6405944824219
2020-09-14,311.6925964355469
2020-09-15,313.2673645019531
2020-09-16,312.02410888671875
2020-09-17,309.2798156738281
2020-09-18,305.7191162109375
2020-09-21,302.3166198730469
2020-09-22,305.3955078125
2020-09-23,298.3131103515625
2020-09-24,299.1081848144531
2020-09-25,303.9439392089844
2020-09-28,308.99224853515625
2020-09-29,307.3094787597656
2020-09-30,309.6394348144531
2020-10-01,311.62744140625
2020-10-02,308.6686096191406
2020-10-05,314.142333984375
2020-10-06,309.67645263671875
2020-10-07,315.06689453125
2020-10-08,317.859130859375
2020-10-09,320.69769287109375
2020-10-12,325.8569641113281
2020-10-13,323.7303161621094
2020-10-14,321.6962585449219
2020-10-15,321.2986755371094
2020-10-16,321.1045837402344
2020-10-19,316.22265625
2020-10-20,317.4892883300781
2020-10-21,316.8883361816406
2020-10-22,318.6265563964844
2020-10-23,319.7083740234375
2020-10-26,313.8001708984375
2020-10-27,312.7184753417969
2020-10-28,302.02996826171875
2020-10-29,305.0997619628906
2020-10-30,301.9190979003906
2020-11-02,305.3030700683594
2020-11-03,310.6934814453125
2020-11-04,317.6372375488281
2020-11-05,323.83209228515625
2020-11-06,323.7580871582031
2020-11-09,327.8263854980469
2020-11-10,327.3456115722656
2020-11-11,329.77734375
2020-11-12,326.578125
2020-11-13,331.09942626953125
2020-11-16,335.2323913574219
2020-11-17,333.4294128417969
2020-11-18,329.4166564941406
2020-11-19,330.8035583496094
2020-11-20,328.5382385253906
2020-11-23,330.5077209472656
2020-11-24,335.83343505859375
2020-11-25,335.3155517578125
2020-11-27,336.2495422363281
2020-11-30,334.7608337402344
2020-12-01,338.4222717285156
2020-12-02,339.13421630859375
2020-12-03,339.0417785644531
2020-12-04,341.9635314941406
2020-12-07,341.2608337402344
2020-12-08,342.2593994140625
2020-12-09,339.189697265625
2020-12-10,339.0787658691406
2020-12-11,338.68115234375
2020-12-14,337.1648254394531
2020-12-15,341.7230224609375
2020-12-16,342.2593994140625
2020-12-17,344.1733093261719
2020-12-18,342.799072265625
2020-12-21,341.5732727050781
2020-12-22,340.9977111816406
2020-12-23,341.30413818359375
2020-12-24,342.6319580078125
2020-12-28,345.57550048828125
2020-12-29,344.9161071777344
2020-12-30,345.40826416015625
2020-12-31,347.16314697265625
2021-01-04,342.43695068359375
2021-01-05,344.79541015625
2021-01-06,346.8567810058594
2021-01-07,352.0101623535156
2021-01-08,354.01580810546875
2021-01-11,351.6295166015625
2021-01-12,351.7038269042969
2021-01-13,352.6508483886719
2021-01-14,351.416015625
2021-01-15,348.8531494140625
2021-01-19,351.59228515625
2021-01-20,356.4579772949219
2021-01-21,356.78289794921875
2021-01-22,355.5200500488281
2021-01-25,356.92218017578125
2021-01-26,356.36505126953125
2021-01-27,347.65533447265625
2021-01-28,350.6451721191406
2021-01-29,343.6254577636719
2021-02-01,349.3453369140625
2021-02-02,354.2850341796875
2021-02-03,354.56365966796875
2021-02-04,358.5936584472656
2021-02-05,360.0049133300781
2021-02-08,362.6048889160156
2021-02-09,362.3634948730469
2021-02-10,362.2054748535156
2021-02-11,362.79058837890625
2021-02-12,364.5826721191406
2021-02-16,364.2669677734375
2021-02-17,364.3504943847656
2021-02-18,362.7998962402344
2021-02-19,362.1591796875
2021-02-22,359.37353515625
2021-02-23,359.80999755859375
2021-02-24,363.77484130859375
2021-02-25,355.0093078613281
2021-02-26,353.18011474609375
2021-03-01,361.7413024902344
2021-03-02,358.9186096191406
2021-03-03,354.1643981933594
2021-03-04,349.78173828125
2021-03-05,356.2164306640625
2021-03-08,354.4429626464844
2021-03-09,359.50360107421875
2021-03-10,361.7413024902344
2021-03-11,365.4090881347656
2021-03-12,365.9012145996094
2021-03-15,368.0832824707031
2021-03-16,367.61895751953125
2021-03-17,368.87255859375
2021-03-18,363.5055236816406
2021-03-19,362.8330383300781
2021-03-22,365.7301025390625
2021-03-23,362.8515930175781
2021-03-24,361.0070495605469
2021-03-25,363.0379333496094
2021-03-26,368.8883056640625
2021-03-29,368.70196533203125
2021-03-30,367.7238464355469
2021-03-31,369.2142333984375
2021-04-01,373.2015075683594
2021-04-05,378.5580749511719
2021-04-06,378.3344421386719
2021-04-07,378.7723083496094
2021-04-08,380.57025146484375
2021-04-09,383.33709716796875
2021-04-12,383.476806640625
2021-04-13,384.61334228515625
2021-04-14,383.2997741699219
2021-04-15,387.4173889160156
2021-04-16,388.71234130859375
2021-04-19,386.8025817871094
2021-04-20,383.9705810546875
2021-04-21,387.60382080078125
2021-04-22,384.0636901855469
2021-04-23,388.2278747558594
2021-04-26,389.0384521484375
2021-04-27,388.9544372558594
2021-04-28,388.8427429199219
2021-04-29,391.3207702636719
2021-04-30,388.74951171875
2021-05-03,389.5879821777344
2021-05-04,387.1844787597656
2021-05-05,387.3056640625
2021-05-06,390.3985290527344
2021-05-07,393.2398376464844
2021-05-10,389.3458557128906
2021-05-11,385.8709411621094
2021-05-12,377.67303466796875
2021-05-13,382.2099304199219
2021-05-14,388.078857421875
2021-05-17,387.0913391113281
2021-05-18,383.7562561035156
2021-05-19,382.7501525878906
2021-05-20,386.8677673339844
2021-05-21,386.55108642578125
2021-05-24,390.49163818359375
2021-05-25,389.625244140625
2021-05-26,390.3985290527344
2021-05-27,390.6034851074219
2021-05-28,391.30218505859375
2021-06-01,390.9574279785156
2021-06-02,391.57232666015625
2021-06-03,390.1190185546875
2021-06-04,393.68701171875
2021-06-07,393.30511474609375
2021-06-08,393.38885498046875
2021-06-09,392.80194091796875
2021-06-10,394.62786865234375
2021-06-11,395.280029296875
2021-06-14,396.16497802734375
2021-06-15,395.4383239746094
2021-06-16,393.2304382324219
2021-06-17,393.1000671386719
2021-06-18,387.7970275878906
2021-06-21,393.3487243652344
2021-06-22,395.4516296386719
2021-06-23,394.9750061035156
2021-06-24,397.31146240234375
2021-06-25,398.7227783203125
2021-06-28,399.5266418457031
2021-06-29,399.74151611328125
2021-06-30,400.0780334472656
2021-07-01,402.2931213378906
2021-07-02,405.3680725097656
2021-07-06,404.6296691894531
2021-07-07,406.0596923828125
2021-07-08,402.7510986328125
2021-07-09,407.0504150390625
2021-07-12,408.5083923339844
2021-07-13,407.1157531738281
2021-07-14,407.7232971191406
2021-07-15,406.3306884765625
2021-07-16,403.1435546875
2021-07-19,397.1900329589844
2021-07-20,402.8819580078125
2021-07-21,406.143798828125
2021-07-22,406.9942321777344
2021-07-23,411.18145751953125
2021-07-26,412.1908264160156
2021-07-27,410.31231689453125
2021-07-28,410.14398193359375
2021-07-29,411.8450622558594
2021-07-30,409.8449401855469
2021-08-02,408.9850769042969
2021-08-03,412.312255859375
2021-08-04,410.28424072265625
2021-08-05,412.8824462890625
2021-08-06,413.5647277832031
2021-08-09,413.2283020019531
2021-08-10,413.7423095703125
2021-08-11,414.7704162597656
2021-08-12,416.0135192871094
2021-08-13,416.77056884765625
2021-08-16,417.75189208984375
2021-08-17,415.013427734375
2021-08-18,410.4710998535156
2021-08-19,411.10662841796875
2021-08-20,414.3778381347656
2021-08-23,418.0230407714844
2021-08-24,418.6864929199219
2021-08-25,419.5651550292969
2021-08-26,417.0883483886719
2021-08-27,420.8175048828125
2021-08-30,422.6680908203125
2021-08-31,422.0418395996094
2021-09-01,422.26611328125
2021-09-02,423.5653381347656
2021-09-03,423.4624938964844
2021-09-07,421.94830322265625
2021-09-08,421.4343566894531
2021-09-09,419.6305236816406
2021-09-10,416.32183837890625
2021-09-13,417.3873596191406
2021-09-14,415.1349182128906
2021-09-15,418.6024169921875
2021-09-16,417.9388122558594
2021-09-17,413.86773681640625
2021-09-20,406.9667053222656
2021-09-21,406.5823059082031
2021-09-22,410.5484924316406
2021-09-23,415.5367431640625
2021-09-24,416.22113037109375
2021-09-27,415.0303649902344
2021-09-28,406.666748046875
2021-09-29,407.3511962890625
2021-09-30,402.37237548828125
2021-10-01,407.1542663574219
2021-10-04,401.9035339355469
2021-10-05,406.0854187011719
2021-10-06,407.7730712890625
2021-10-07,411.2986145019531
2021-10-08,410.5484924316406
2021-10-11,407.576171875
2021-10-12,406.572998046875
2021-10-13,408.0356750488281
2021-10-14,414.8990478515625
2021-10-15,418.05889892578125
2021-10-18,419.29656982421875
2021-10-19,422.5313415527344
2021-10-20,424.19085693359375
2021-10-21,425.29736328125
2021-10-22,424.8566589355469
2021-10-25,427.1350402832031
2021-10-26,427.51947021484375
2021-10-27,425.62548828125
2021-10-28,429.7322692871094
2021-10-29,430.60430908203125
2021-11-01,431.3450012207031
2021-11-02,433.0889892578125
2021-11-03,435.7331237792969
2021-11-04,437.7864990234375
2021-11-05,439.3054504394531
2021-11-08,439.6804504394531
2021-11-09,438.22711181640625
2021-11-10,434.70166015625
2021-11-11,434.8423156738281
2021-11-12,438.1240234375
2021-11-15,438.2740783691406
2021-11-16,440.0086364746094
2021-11-17,438.9397888183594
2021-11-18,440.4306335449219
2021-11-19,439.6429748535156
2021-11-22,438.4053039550781
2021-11-23,438.9866638183594
2021-11-24,440.1585998535156
2021-11-26,430.341796875
2021-11-29,435.62054443359375
2021-11-30,427.1444091796875
2021-12-01,422.4000244140625
2021-12-02,428.8697204589844
2021-12-03,425.1379089355469
2021-12-06,430.1729736328125
2021-12-07,439.0710144042969
2021-12-08,440.2336730957031
2021-12-09,437.2613830566406
2021-12-10,441.3775939941406
2021-12-13,437.4676513671875
2021-12-14,434.4579162597656
2021-12-15,441.2463073730469
2021-12-16,437.3551940917969
2021-12-17,432.70037841796875
2021-12-20,428.0993957519531
2021-12-21,435.7019958496094
2021-12-22,440.0584411621094
2021-12-23,442.7964782714844
2021-12-27,449.0630187988281
2021-12-28,448.6960144042969
2021-12-29,449.27008056640625
2021-12-30,448.0280456542969
2021-12-31,446.89892578125
2022-01-03,449.4864807128906
2022-01-04,449.3359069824219
2022-01-05,440.70770263671875
2022-01-06,440.2936706542969
2022-01-07,438.5529479980469
2022-01-10,438.00726318359375
2022-01-11,441.9967346191406
2022-01-12,443.1917419433594
2022-01-13,437.08514404296875
2022-01-14,437.263916015625
2022-01-18,429.5201721191406
2022-01-19,425.0601806640625
2022-01-20,420.3555603027344
2022-01-21,412.1037292480469
2022-01-24,413.8538818359375
2022-01-25,408.8011474609375
2022-01-26,407.7756042480469
2022-01-27,405.7620544433594
2022-01-28,415.8392028808594
2022-01-31,423.32891845703125
2022-02-01,426.18927001953125
2022-02-02,430.3293151855469
2022-02-03,420.2144470214844
2022-02-04,422.1903991699219
2022-02-07,420.8354797363281
2022-02-08,424.29803466796875
2022-02-09,430.5081481933594
2022-02-10,422.7738037109375
2022-02-11,414.43719482421875
2022-02-14,413.082275390625
2022-02-15,419.7440185546875
2022-02-16,420.2144470214844
2022-02-17,411.2381286621094
2022-02-18,408.5752868652344
2022-02-22,404.1906433105469
2022-02-23,397.0208740234375
2022-02-24,402.99566650390625
2022-02-25,411.8872985839844
2022-02-28,410.8334655761719
2022-03-01,404.5763854980469
2022-03-02,412.01910400390625
2022-03-03,409.9678649902344
2022-03-04,406.63702392578125
2022-03-07,394.6497497558594
2022-03-08,391.6575622558594
2022-03-09,402.1583251953125
2022-03-10,400.3422546386719
2022-03-11,395.251953125
2022-03-14,392.36322021484375
2022-03-15,400.99151611328125
2022-03-16,409.8831481933594
2022-03-17,415.01129150390625
2022-03-18,419.5567321777344
2022-03-21,419.4339599609375
2022-03-22,424.3419494628906
2022-03-23,418.8771057128906
2022-03-24,425.19146728515625
2022-03-25,427.2678527832031
2022-03-28,430.30712890625
2022-03-29,435.63037109375
2022-03-30,432.9403991699219
2022-03-31,426.2768859863281
2022-04-01,427.48504638671875
2022-04-04,431.14715576171875
2022-04-05,425.7011413574219
2022-04-06,421.4444274902344
2022-04-07,423.5680236816406
2022-04-08,422.4354553222656
2022-04-11,415.2150573730469
2022-04-12,413.67657470703125
2022-04-13,418.4146728515625
2022-04-14,413.2046813964844
2022-04-18,413.37457275390625
2022-04-19,420.0475158691406
2022-04-20,419.73602294921875
2022-04-21,413.45947265625
2022-04-22,402.11456298828125
2022-04-25,404.44580078125
2022-04-26,392.7327880859375
2022-04-27,393.8370361328125
2022-04-28,403.7851257324219
2022-04-29,388.863037109375
2022-05-02,391.2037658691406
2022-05-03,392.99700927734375
2022-05-04,404.9649963378906
2022-05-05,390.5712890625
2022-05-06,388.24005126953125
2022-05-09,375.80963134765625
2022-05-10,376.6780090332031
2022-05-11,370.6940002441406
2022-05-12,370.30694580078125
2022-05-13,379.1602783203125
2022-05-16,377.6218566894531
2022-05-17,385.3896484375
2022-05-18,369.8539123535156
2022-05-19,367.5887451171875
2022-05-20,367.7491760253906
2022-05-23,374.6299133300781
2022-05-24,371.7699890136719
2022-05-25,375.0545959472656
2022-05-26,382.54864501953125
2022-05-27,391.93994140625
2022-05-31,389.7406921386719
2022-06-01,386.5882568359375
2022-06-02,393.95025634765625
2022-06-03,387.4849548339844
2022-06-06,388.664794921875
2022-06-07,392.3929748535156
2022-06-08,388.126708984375
2022-06-09,378.89599609375
2022-06-10,367.9096374511719
2022-06-13,353.9407958984375
2022-06-14,352.8742980957031
2022-06-15,357.9049987792969
2022-06-16,346.0596923828125
2022-06-17,346.8056945800781
2022-06-21,355.53607177734375
2022-06-22,354.8915100097656
2022-06-23,358.3703918457031
2022-06-24,369.7643127441406
2022-06-27,368.35198974609375
2022-06-28,360.8254699707031
2022-06-29,360.5316467285156
2022-06-30,357.6025085449219
2022-07-01,361.38470458984375
2022-07-05,362.0672912597656
2022-07-06,363.29010009765625
2022-07-07,368.7310791015625
2022-07-08,368.4277648925781
2022-07-11,364.218994140625
2022-07-12,360.99609375
2022-07-13,359.1003112792969
2022-07-14,358.2281494140625
2022-07-15,365.0721435546875
2022-07-18,362.05780029296875
2022-07-19,371.84027099609375
2022-07-20,374.2100830078125
2022-07-21,378.02069091796875
2022-07-22,374.513427734375
2022-07-25,374.9684753417969
2022-07-26,370.53216552734375
2022-07-27,380.153564453125
2022-07-28,384.9216003417969
2022-07-29,390.5332336425781
2022-08-01,389.37677001953125
2022-08-02,386.8079833984375
2022-08-03,392.86517333984375
2022-08-04,392.5997314453125
2022-08-05,391.9361877441406
2022-08-08,391.48114013671875
2022-08-09,389.9266662597656
2022-08-10,398.1165771484375
2022-08-11,398.1165771484375
2022-08-12,404.8563232421875
2022-08-15,406.524658203125
2022-08-16,407.3209228515625
2022-08-17,404.4296875
2022-08-18,405.605224609375
2022-08-19,400.1546936035156
2022-08-22,391.82244873046875
2022-08-23,390.8745422363281
2022-08-24,392.1258239746094
2022-08-25,397.6616516113281
2022-08-26,384.2011413574219
2022-08-29,381.66070556640625
2022-08-30,377.470947265625
2022-08-31,374.5987548828125
2022-09-01,375.7742004394531
2022-09-02,371.8118591308594
2022-09-06,370.4090270996094
2022-09-07,377.0633544921875
2022-09-08,379.5279541015625
2022-09-09,385.4239807128906
2022-09-12,389.56634521484375
2022-09-13,372.6271057128906
2022-09-14,374.0489807128906
2022-09-15,369.80224609375
2022-09-16,366.9810485839844
2022-09-19,369.8269958496094
2022-09-20,365.5819091796875
2022-09-21,359.2048034667969
2022-09-22,356.18756103515625
2022-09-23,350.21966552734375
2022-09-26,346.75506591796875
2022-09-27,345.8699035644531
2022-09-28,352.6753234863281
2022-09-29,345.3083190917969
2022-09-30,339.9686279296875
2022-10-03,348.9442138671875
2022-10-04,359.7568054199219
2022-10-05,358.9191589355469
2022-10-06,355.2166748046875
2022-10-07,345.3083190917969
2022-10-10,342.6717529296875
2022-10-11,340.50164794921875
2022-10-12,339.37847900390625
2022-10-13,348.3350830078125
2022-10-14,340.39697265625
2022-10-17,349.14410400390625
2022-10-18,353.2463684082031
2022-10-19,350.7431335449219
2022-10-20,347.8021240234375
2022-10-21,356.254150390625
2022-10-24,360.61346435546875
2022-10-25,366.3719482421875
2022-10-26,363.61163330078125
2022-10-27,361.6700134277344
2022-10-28,370.2742919921875
2022-10-31,367.5997619628906
2022-11-01,365.99114990234375
2022-11-02,356.8062438964844
2022-11-03,353.13226318359375
2022-11-04,358.2148742675781
2022-11-07,361.6414489746094
2022-11-08,363.5926513671875
2022-11-09,356.1018371582031
2022-11-10,375.67108154296875
2022-11-11,379.30712890625
2022-11-14,376.0804138183594
2022-11-15,379.2879943847656
2022-11-16,376.39453125
2022-11-17,375.2427978515625
2022-11-18,376.94659423828125
2022-11-21,375.57598876953125
2022-11-22,380.63006591796875
2022-11-23,383.0287170410156
2022-11-25,382.9429626464844
2022-11-28,376.8323669433594
2022-11-29,376.18511962890625
2022-11-30,388.0351257324219
2022-12-01,387.7496337890625
2022-12-02,387.3022766113281
2022-12-05,380.3350524902344
2022-12-06,374.8525695800781
2022-12-07,374.2148742675781
2022-12-08,377.146484375
2022-12-09,374.3291015625
2022-12-12,379.725830078125
2022-12-13,382.6003112792969
2022-12-14,380.1541748046875
2022-12-15,370.8549499511719
2022-12-16,366.4765930175781
2022-12-19,363.3690185546875
2022-12-20,363.8661804199219
2022-12-21,369.306884765625
2022-12-22,364.03839111328125
2022-12-23,366.1323547363281
2022-12-27,364.6885986328125
2022-12-28,360.15625
2022-12-29,366.6391296386719
2022-12-30,365.6734619140625
2023-01-03,364.1340026855469
2023-01-04,366.9451599121094
2023-01-05,362.75701904296875
2023-01-06,371.07586669921875
2023-01-09,370.8654479980469
2023-01-10,373.46630859375
2023-01-11,378.18988037109375
2023-01-12,379.5668029785156
2023-01-13,381.0392761230469
2023-01-17,380.34130859375
2023-01-18,374.33642578125
2023-01-19,371.611328125
2023-01-20,378.5340881347656
2023-01-23,383.075927734375
2023-01-24,382.664794921875
2023-01-25,382.80828857421875
2023-01-26,387.015380859375
2023-01-27,387.90472412109375
2023-01-30,383.0377502441406
2023-01-31,388.6696472167969
2023-02-01,392.8003234863281
2023-02-02,398.5182800292969
2023-02-03,394.282470703125
2023-02-06,391.8728332519531
2023-02-07,396.9979553222656
2023-02-08,392.65692138671875
2023-02-09,389.2528991699219
2023-02-10,390.1613464355469
2023-02-13,394.74139404296875
2023-02-14,394.55975341796875
2023-02-15,395.84100341796875
2023-02-16,390.3907470703125
2023-02-17,389.4154968261719
2023-02-21,381.6034240722656
2023-02-22,381.07757568359375
2023-02-23,383.10467529296875
2023-02-24,379.0122375488281
2023-02-27,380.3030700683594
2023-02-28,378.8974609375
2023-03-01,377.44403076171875
2023-03-02,380.3795471191406
2023-03-03,386.47991943359375
2023-03-06,386.7477722167969
2023-03-07,380.8193664550781
2023-03-08,381.44091796875
2023-03-09,374.4033508300781
2023-03-10,369.00091552734375
2023-03-13,368.47503662109375
2023-03-14,374.56591796875
2023-03-15,372.2232666015625
2023-03-16,378.7540283203125
2023-03-17,374.3253479003906
2023-03-20,377.9247131347656
2023-03-21,382.88702392578125
2023-03-22,376.3601989746094
2023-03-23,377.377685546875
2023-03-24,379.85394287109375
2023-03-27,380.5642395019531
2023-03-28,379.7100830078125
2023-03-29,385.2290344238281
2023-03-30,387.48468017578125
2023-03-31,392.9461975097656
2023-04-03,394.4435119628906
2023-04-04,392.2550354003906
2023-04-05,391.2280578613281
2023-04-06,392.75408935546875
2023-04-10,393.1572265625
2023-04-11,393.2629089355469
2023-04-12,391.6599426269531
2023-04-13,396.8622131347656
2023-04-14,395.8927917480469
2023-04-17,397.3133239746094
2023-04-18,397.5724182128906
2023-04-19,397.5053405761719
2023-04-20,395.3360900878906
2023-04-21,395.64324951171875
2023-04-24,396.05596923828125
2023-04-25,389.7690124511719
2023-04-26,388.1181945800781
2023-04-27,395.8448791503906
2023-04-28,399.2234191894531
2023-05-01,398.8202819824219
2023-05-02,394.3378601074219
2023-05-03,391.6311340332031
2023-05-04,388.85723876953125
2023-05-05,396.05596923828125
2023-05-08,396.1614990234375
2023-05-09,394.42425537109375
2023-05-10,396.2671813964844
2023-05-11,395.57598876953125
2023-05-12,395.0577392578125
2023-05-15,396.4206848144531
2023-05-16,393.77154541015625
2023-05-17,398.5515441894531
2023-05-18,402.3908996582031
2023-05-19,401.80535888671875
2023-05-22,401.96856689453125
2023-05-23,397.45733642578125
2023-05-24,394.57781982421875
2023-05-25,397.9947814941406
2023-05-26,403.1491394042969
2023-05-30,403.30267333984375
2023-05-31,401.0663146972656
2023-06-01,404.87689208984375
2023-06-02,410.7319030761719
2023-06-05,409.9447937011719
2023-06-06,410.83740234375
2023-06-07,409.4168701171875
2023-06-08,411.8932189941406
2023-06-09,412.6322326660156
2023-06-12,416.3756408691406
2023-06-13,419.1207580566406
2023-06-14,419.619873046875
2023-06-15,424.82220458984375
2023-06-16,423.3751525878906
2023-06-20,421.1785888671875
2023-06-21,419.0206604003906
2023-06-22,420.5331115722656
2023-06-23,417.35394287109375
2023-06-26,415.6486511230469
2023-06-27,420.20556640625
2023-06-28,420.4175109863281
2023-06-29,422.07452392578125
2023-06-30,427.0553283691406
2023-07-03,427.5467224121094
2023-07-05,426.9107971191406
2023-07-06,423.5677795410156
2023-07-07,422.4984130859375
2023-07-10,423.5677795410156
2023-07-11,426.2652893066406
2023-07-12,429.6950378417969
2023-07-13,433.10546875
2023-07-14,432.8357238769531
2023-07-17,434.3386535644531
2023-07-18,437.5660400390625
2023-07-19,438.5390625
2023-07-20,435.6295471191406
2023-07-21,435.6295471191406
2023-07-24,437.57568359375
2023-07-25,438.7702941894531
2023-07-26,438.837646484375
2023-07-27,435.92822265625
2023-07-28,440.1961364746094
2023-07-31,441.0342102050781
2023-08-01,439.7721862792969
2023-08-02,433.6546325683594
2023-08-03,432.4118347167969
2023-08-04,430.4561462402344
2023-08-07,434.21331787109375
2023-08-08,432.3250732421875
2023-08-09,429.4349670410156
2023-08-10,429.589111328125
2023-08-11,429.33856201171875
2023-08-14,431.7085266113281
2023-08-15,426.6795959472656
2023-08-16,423.548583984375
2023-08-17,420.32110595703125
2023-08-18,420.52349853515625
2023-08-21,423.259521484375
2023-08-22,422.11309814453125
2023-08-23,426.8144836425781
2023-08-24,420.89923095703125
2023-08-25,423.8664855957031
2023-08-28,426.55438232421875
2023-08-29,432.7201232910156
2023-08-30,434.50244140625
2023-08-31,433.8665771484375
2023-09-01,434.6758117675781
2023-09-05,432.7972106933594
2023-09-06,429.8877258300781
2023-09-07,428.5679016113281
2023-09-08,429.21331787109375
2023-09-11,432.03607177734375
2023-09-12,429.6661376953125
2023-09-13,430.1671142578125
2023-09-14,433.8761901855469
2023-09-15,428.64874267578125
2023-09-18,428.90008544921875
2023-09-19,428.0105895996094
2023-09-20,424.0757751464844
2023-09-21,417.0665283203125
2023-09-22,416.1286926269531
2023-09-25,417.878662109375
2023-09-26,411.7394104003906
2023-09-27,411.9037780761719
2023-09-28,414.2917785644531
2023-09-29,413.2862854003906
2023-10-02,413.1219787597656
2023-10-03,407.5918273925781
2023-10-04,410.5599365234375
2023-10-05,410.40521240234375
2023-10-06,415.2779235839844
2023-10-09,417.9366149902344
2023-10-10,420.1119384765625
2023-10-11,421.8328552246094
2023-10-12,419.2611083984375
2023-10-13,417.1728515625
2023-10-16,421.5621643066406
2023-10-17,421.5428161621094
2023-10-18,415.9256286621094
2023-10-19,412.2711486816406
2023-10-20,407.2051086425781
2023-10-23,406.4993896484375
2023-10-24,409.5641784667969
2023-10-25,403.6860046386719
2023-10-26,398.85205078125
2023-10-27,397.04412841796875
2023-10-30,401.7911376953125
2023-10-31,404.3144836425781
2023-11-01,408.6263427734375
2023-11-02,416.4574279785156
2023-11-03,420.2569274902344
2023-11-06,421.22369384765625
2023-11-07,422.42254638671875
2023-11-08,422.73193359375
2023-11-09,419.4350891113281
2023-11-10,425.9803771972656
2023-11-13,425.57427978515625
2023-11-14,433.8307800292969
2023-11-15,434.7491455078125
2023-11-16,435.28094482421875
2023-11-17,435.8223571777344
2023-11-20,439.1771240234375
2023-11-21,438.219970703125
2023-11-22,439.9118957519531
2023-11-24,440.18255615234375
2023-11-27,439.3898010253906
2023-11-28,439.8248596191406
2023-11-29,439.5155029296875
2023-11-30,441.2461242675781
2023-12-01,443.8564147949219
2023-12-04,441.5264587402344
2023-12-05,441.4394836425781
2023-12-06,439.6605529785156
2023-12-07,443.0153503417969
2023-12-08,444.9198913574219
2023-12-11,446.6504211425781
2023-12-12,448.6903991699219
2023-12-13,454.8779296875
2023-12-14,456.3377685546875
2023-12-15,455.58636474609375
2023-12-18,458.1491394042969
2023-12-19,460.93505859375
2023-12-20,454.54779052734375
2023-12-21,458.85772705078125
2023-12-22,459.77996826171875
2023-12-26,461.7214050292969
2023-12-27,462.5561828613281
2023-12-28,462.7309265136719
2023-12-29,461.39129638671875
2024-01-02,458.8092346191406
2024-01-03,455.0622863769531
2024-01-04,453.596435546875
2024-01-05,454.2177734375
2024-01-08,460.7021179199219
2024-01-09,460.0032043457031
2024-01-10,462.60467529296875
2024-01-11,462.4008483886719
2024-01-12,462.7212219238281
2024-01-16,461.0224609375
2024-01-17,458.459716796875
2024-01-18,462.5367126464844
2024-01-19,468.3028259277344
2024-01-22,469.2929992675781
2024-01-23,470.6616516113281
2024-01-24,471.1761779785156
2024-01-25,473.73876953125
2024-01-26,473.13702392578125
2024-01-29,476.8839416503906
2024-01-30,476.5150451660156
2024-01-31,468.7396545410156
2024-02-01,474.87457275390625
2024-02-02,479.8738098144531
2024-02-05,478.12646484375
2024-02-06,479.51458740234375
2024-02-07,483.5139465332031
2024-02-08,483.7275390625
2024-02-09,486.523193359375
2024-02-12,486.30963134765625
2024-02-13,479.6116943359375
2024-02-14,483.97021484375
2024-02-15,487.30950927734375
2024-02-16,484.88262939453125
2024-02-20,482.2132263183594
2024-02-21,482.6499938964844
2024-02-22,492.63873291015625
2024-02-23,492.9784240722656
2024-02-26,491.17291259765625
2024-02-27,492.08538818359375
2024-02-28,491.43499755859375
2024-02-29,493.20172119140625
2024-03-01,497.8320007324219
2024-03-04,497.298095703125
2024-03-05,492.32806396484375
2024-03-06,494.8227844238281
2024-03-07,499.7345886230469
2024-03-08,496.7351379394531
2024-03-11,496.3080139160156
2024-03-12,501.6469421386719
2024-03-13,500.860595703125
2024-03-14,499.8705139160156
2024-03-15,496.4381103515625
2024-03-18,499.3885192871094
2024-03-19,502.1636962890625
2024-03-20,506.808349609375
2024-03-21,508.4831848144531
2024-03-22,507.5191650390625
2024-03-25,506.1170349121094
2024-03-26,505.1822509765625
2024-03-27,509.42767333984375
2024-03-28,509.3304138183594
2024-04-01,508.4442443847656
2024-04-02,505.2115173339844
2024-04-03,505.7664794921875
2024-04-04,499.5930480957031
2024-04-05,504.81219482421875
2024-04-08,505.0945739746094
2024-04-09,505.6788635253906
2024-04-10,500.615478515625
2024-04-11,504.3935546875
2024-04-12,497.431396484375
2024-04-15,491.1994934082031
2024-04-16,490.3036193847656
2024-04-17,487.40185546875
2024-04-18,486.39892578125
2024-04-19,482.1534729003906
2024-04-22,486.59375
2024-04-23,492.3678894042969
2024-04-24,492.13427734375
2024-04-25,490.2646789550781
2024-04-26,494.90936279296875
2024-04-29,496.662109375
2024-04-30,488.7943420410156
2024-05-01,487.2071533203125
2024-05-02,491.76416015625
2024-05-03,497.85980224609375
2024-05-06,503.0010681152344
2024-05-07,503.5561218261719
2024-05-08,503.6047668457031
2024-05-09,506.5064392089844
2024-05-10,507.1589660644531
2024-05-13,507.2270812988281
2024-05-14,509.55426025390625
2024-05-15,515.8641357421875
2024-05-16,514.802734375
2024-05-17,515.5426635742188
2024-05-20,516.13671875
2024-05-21,517.4025268554688
2024-05-22,515.912841796875
2024-05-23,512.1444091796875
2024-05-24,515.5331420898438
2024-05-28,515.893310546875
2024-05-29,512.2807006835938
2024-05-30,508.8824462890625
2024-05-31,513.5174560546875
2024-06-03,513.9361572265625
2024-06-04,514.5106201171875
2024-06-05,520.6256103515625
2024-06-06,520.6159057617188
2024-06-07,519.9830322265625
2024-06-10,521.589599609375
2024-06-11,522.8457641601562
2024-06-12,527.1399536132812
2024-06-13,528.2012939453125
2024-06-14,528.522705078125
2024-06-17,532.7291259765625
2024-06-18,534.0826416015625
2024-06-20,532.6317749023438
2024-06-21,531.9176025390625
2024-06-24,530.1886596679688
2024-06-25,532.2302856445312
2024-06-26,532.8946533203125
2024-06-27,533.7346801757812
2024-06-28,531.6343994140625
2024-07-01,532.728515625
2024-07-02,536.3135375976562
2024-07-03,538.7069702148438
2024-07-05,541.8134765625
2024-07-08,542.4385986328125
2024-07-09,542.966064453125
2024-07-10,548.3389282226562
2024-07-11,543.6109008789062
2024-07-12,547.0396728515625
2024-07-15,548.5441284179688
2024-07-16,551.7969970703125
2024-07-17,544.060302734375
2024-07-18,539.879150390625
2024-07-19,536.2940063476562
2024-07-22,541.8231811523438
2024-07-23,540.9733276367188
2024-07-24,528.7135009765625
2024-07-25,525.9588012695312
2024-07-26,531.8493041992188
2024-07-29,532.161865234375
2024-07-30,529.4657592773438
2024-07-31,538.0720825195312
2024-08-01,530.4523315429688
2024-08-02,520.5762329101562
2024-08-05,505.4150695800781
2024-08-06,510.0747985839844
2024-08-07,506.6654052734375
2024-08-08,518.378173828125
2024-08-09,520.6640014648438
2024-08-12,520.9376831054688
2024-08-13,529.5048217773438
2024-08-14,531.17529296875
2024-08-15,540.2797241210938
2024-08-16,541.4910278320312
2024-08-19,546.66845703125
2024-08-20,545.779541015625
2024-08-21,547.6550903320312
2024-08-22,543.3568725585938
2024-08-23,549.1301879882812
2024-08-26,547.8212280273438
2024-08-27,548.573486328125
2024-08-28,545.3887939453125
2024-08-29,545.4376220703125
2024-08-30,550.644287109375
2024-09-03,539.3126220703125
2024-09-04,538.208740234375
2024-09-05,536.8997192382812
2024-09-06,527.8635864257812
2024-09-09,533.7737426757812
2024-09-10,536.0986938476562
2024-09-11,541.5984497070312
2024-09-12,546.1605224609375
2024-09-13,549.0130615234375
2024-09-16,549.8238525390625
2024-09-17,550.0485229492188
2024-09-18,548.4171142578125
2024-09-19,557.7755737304688
2024-09-20,556.8114013671875
2024-09-23,558.2027587890625
2024-09-24,559.7999267578125
2024-09-25,558.5653076171875
2024-09-26,560.7798461914062
2024-09-27,559.9664916992188
2024-09-30,562.2103881835938
2024-10-01,557.173828125
2024-10-02,557.4091186523438
2024-10-03,556.3899536132812
2024-10-04,561.4461059570312
2024-10-07,556.370361328125
2024-10-08,561.6322631835938
2024-10-09,565.5223999023438
2024-10-10,564.5327758789062
2024-10-11,567.9132690429688
2024-10-14,572.557861328125
2024-10-15,568.1093139648438
2024-10-16,570.5785522460938
2024-10-17,570.6275634765625
2024-10-18,572.822509765625
2024-10-21,571.8817749023438
2024-10-22,571.5779418945312
2024-10-23,566.3551635742188
2024-10-24,567.5801391601562
2024-10-25,567.3841552734375
2024-10-28,569.1381225585938
2024-10-29,570.0592041015625
2024-10-30,568.3346557617188
2024-10-31,557.1934814453125
2024-11-01,559.5452270507812
2024-11-04,558.33984375
2024-11-05,565.0912475585938
2024-11-06,579.1425170898438
2024-11-07,583.62060546875
2024-11-08,586.1487426757812
2024-11-11,586.7071533203125
2024-11-12,584.8846435546875
2024-11-13,585.1687622070312
2024-11-14,581.4060668945312
2024-11-15,573.958984375
2024-11-18,576.3108520507812
2024-11-19,578.4174194335938
2024-11-20,578.6134643554688
2024-11-21,581.7196655273438
2024-11-22,583.5225830078125
2024-11-25,585.5020751953125
2024-11-26,588.5591430664062
2024-11-27,586.7758178710938
2024-11-29,590.4208374023438
2024-12-02,591.479248046875
2024-12-03,591.75341796875
2024-12-04,595.4280395507812
2024-12-05,594.4481201171875
2024-12-06,595.574951171875
2024-12-09,592.5079956054688
2024-12-10,590.6658325195312
2024-12-11,595.2321166992188
2024-12-12,592.1650390625
2024-12-13,592.0475463867188
2024-12-16,594.5755004882812
2024-12-17,592.1257934570312
2024-12-18,574.478515625
2024-12-19,574.302001953125
2024-12-20,581.2000122070312
2024-12-23,584.6803588867188
2024-12-24,591.1790771484375
2024-12-26,591.2184448242188
2024-12-27,584.9949951171875
2024-12-30,578.3192749023438
2024-12-31,576.2152099609375
2025-01-02,574.7994995117188
2025-01-03,581.9864501953125
2025-01-06,585.339111328125
2025-01-07,578.7222900390625
2025-01-08,579.56787109375
2025-01-10,570.7192993164062
2025-01-13,571.6043090820312
2025-01-14,572.3907470703125
2025-01-15,582.8025512695312
2025-01-16,581.6817016601562
2025-01-17,587.521728515625
2025-01-21,592.899658203125
2025-01-22,596.2326049804688
2025-01-23,599.4868774414062
2025-01-24,597.7368774414062
2025-01-27,589.2816162109375
2025-01-28,594.3449096679688
2025-01-29,591.6804809570312
2025-01-30,594.856201171875
2025-01-31,591.6903686523438
2025-02-03,587.7086181640625
2025-02-04,591.6510620117188
2025-02-05,594.0498657226562
2025-02-06,596.1146240234375
2025-02-07,590.6580810546875
2025-02-10,594.6693725585938
2025-02-11,595.1216430664062
2025-02-12,593.2044677734375
2025-02-13,599.4672241210938
2025-02-14,599.437744140625
2025-02-18,601.1975708007812
2025-02-19,602.6133422851562
2025-02-20,600.1062622070312
2025-02-21,589.8419799804688
2025-02-24,587.1578979492188
2025-02-25,584.2378540039062
2025-02-26,584.5328369140625
2025-02-27,575.2025756835938
2025-02-28,584.1788940429688
2025-03-03,573.9441528320312
2025-03-04,567.1504516601562
2025-03-05,573.24609375
2025-03-06,563.0703735351562
2025-03-07,566.2262573242188
2025-03-10,551.14453125
2025-03-11,546.5629272460938
2025-03-12,549.4633178710938
2025-03-13,542.1386108398438
2025-03-14,553.3369140625
2025-03-17,557.6038818359375
2025-03-18,551.5771484375
2025-03-19,557.584228515625
2025-03-20,555.9718627929688
2025-03-21,556.1552734375
2025-03-24,566.1151733398438
2025-03-25,567.4760131835938
2025-03-26,560.701416015625
2025-03-27,559.2123413085938
2025-03-28,547.95068359375
2025-03-31,551.6289672851562
2025-04-01,553.1869506835938
2025-04-02,556.6878051757812
2025-04-03,529.2537231445312
2025-04-04,498.2696533203125
2025-04-07,497.3821716308594
2025-04-08,489.591796875
2025-04-09,541.0084228515625
2025-04-10,517.3019409179688
2025-04-11,526.531982421875
2025-04-14,531.6401977539062
2025-04-15,530.151123046875
2025-04-16,518.3668823242188
2025-04-17,519.1064453125
2025-04-21,506.7503356933594
2025-04-22,519.9348754882812
2025-04-23,527.9915161132812
2025-04-24,539.1051635742188
2025-04-25,543.0003662109375
2025-04-28,543.2074584960938
2025-04-29,546.6293334960938
2025-04-30,546.84619140625
2025-05-01,550.7216796875
2025-05-02,558.8966674804688
2025-05-05,555.6917724609375
2025-05-06,551.0471801757812
2025-05-07,553.3645629882812
2025-05-08,557.2202758789062
2025-05-09,556.5103149414062
2025-05-12,574.9015502929688
2025-05-13,578.6981811523438
2025-05-14,579.437744140625
2025-05-15,582.2679443359375
2025-05-16,585.9559936523438
2025-05-19,586.596923828125
2025-05-20,584.6246948242188
2025-05-21,574.7733154296875
2025-05-22,575.0001220703125
2025-05-23,571.0753173828125
2025-05-27,582.9483642578125
2025-05-28,579.5757446289062
2025-05-29,581.8635864257812
2025-05-30,581.2127685546875
2025-06-02,584.4866333007812
2025-06-03,587.8197631835938
2025-06-04,587.6619262695312
2025-06-05,584.8219604492188
2025-06-06,590.8274536132812
2025-06-09,591.3599853515625
2025-06-10,594.7127685546875
2025-06-11,593.0166625976562
2025-06-12,595.3734741210938
2025-06-13,588.7171020507812
2025-06-16,594.318359375
2025-06-17,589.2398681640625
2025-06-18,589.1510620117188
2025-06-20,587.7673950195312
2025-06-23,593.572998046875
2025-06-24,600.13037109375
2025-06-25,600.4666748046875
2025-06-26,605.1646118164062
2025-06-27,608.1712646484375
2025-06-30,611.0790405273438
2025-07-01,610.8812866210938
2025-07-02,613.650634765625
2025-07-03,618.4869995117188
2025-07-07,613.8780517578125
2025-07-08,613.5418090820312
2025-07-09,617.2210083007812
2025-07-10,618.9617919921875
2025-07-11,616.7858276367188
2025-07-14,617.9627685546875
2025-07-15,615.3220825195312
2025-07-16,617.3792724609375
2025-07-17,621.1574096679688
2025-07-18,620.7024536132812
2025-07-21,621.87939453125
2025-07-22,621.9684448242188
2025-07-23,627.259765625
2025-07-24,627.4674682617188
2025-07-25,630.1181030273438
2025-07-28,629.9598999023438
2025-07-29,628.2982788085938
2025-07-30,627.5070190429688
2025-07-31,625.153076171875
2025-08-01,614.9065551757812
2025-08-04,624.2530517578125
2025-08-05,621.088134765625
2025-08-06,625.8455200195312
2025-08-07,625.3212890625
2025-08-08,630.1972045898438
2025-08-11,628.9509887695312
2025-08-12,635.6467895507812
2025-08-13,637.82275390625
2025-08-14,637.882080078125
2025-08-15,636.388671875
2025-08-18,636.2501831054688
2025-08-19,632.7984008789062
2025-08-20,631.1170654296875
2025-08-21,628.5850830078125
2025-08-22,638.2380981445312
2025-08-25,635.4292602539062
2025-08-26,638.0897216796875
2025-08-27,639.543701171875
2025-08-28,641.80859375
2025-08-29,637.98095703125
2025-09-02,633.2533569335938
2025-09-03,636.685302734375
2025-09-04,642.0064086914062
2025-09-05,640.1469116210938
2025-09-08,641.7196044921875
2025-09-09,643.2031860351562
2025-09-10,645.0625
2025-09-11,650.423095703125
2025-09-12,650.20556640625
2025-09-15,653.6671142578125
2025-09-16,652.76708984375
2025-09-17,651.9561157226562
2025-09-18,655.0023803710938
2025-09-19,658.2465209960938
2025-09-22,661.3607177734375
2025-09-23,657.7605590820312
2025-09-24,655.6678466796875
2025-09-25,652.6429443359375
2025-09-26,656.3818969726562
2025-09-29,658.2266845703125
2025-09-30,660.7060546875
2025-10-01,662.9574584960938
2025-10-02,663.7210693359375
2025-10-03,663.7113037109375
2025-10-06,666.0914916992188
2025-10-07,663.6220092773438
2025-10-08,667.5791625976562
2025-10-09,665.6452026367188
2025-10-10,647.6542358398438
2025-10-13,657.5919189453125
2025-10-14,656.78857421875
2025-10-15,659.7044067382812
2025-10-16,655.211669921875
2025-10-17,658.9308471679688
2025-10-20,665.7840576171875
2025-10-21,665.7741088867188
2025-10-22,662.312744140625
2025-10-23,666.2402954101562
2025-10-24,671.6851806640625
2025-10-27,679.6094970703125
2025-10-28,681.41455078125
2025-10-29,681.7418212890625
2025-10-30,674.2440185546875
2025-10-31,676.4556884765625
2025-11-03,677.7251586914062
2025-11-04,669.691650390625
2025-11-05,672.012451171875
2025-11-06,664.80224609375
2025-11-07,665.4567260742188
2025-11-10,675.8406982421875
2025-11-11,677.387939453125
2025-11-12,677.7647705078125
2025-11-13,666.5180053710938
2025-11-14,666.4088134765625
2025-11-17,660.2003173828125
2025-11-18,654.65625
2025-11-19,657.185302734375
2025-11-20,647.1683349609375
2025-11-21,653.6148681640625
2025-11-24,663.2351684570312
2025-11-25,669.4735107421875
2025-11-26,674.09521484375
2025-11-28,677.7747192382812
2025-12-01,674.6803588867188
2025-12-02,675.9299926757812
2025-12-03,678.2706298828125
2025-12-04,678.7665405273438
2025-12-05,680.0557861328125
2025-12-08,678.0127563476562
2025-12-09,677.4276123046875
2025-12-10,681.9203491210938
2025-12-11,683.5072021484375
2025-12-12,676.1581420898438
2025-12-15,675.1365966796875
2025-12-16,673.2918701171875
2025-12-17,665.8832397460938
2025-12-18,670.9114990234375
2025-12-19,676.9923095703125
2025-12-22,681.2098388671875
2025-12-23,684.3233032226562
2025-12-24,686.7305297851562
2025-12-26,686.660888671875
2025-12-29,684.2138671875
2025-12-30,683.3782958984375
2025-12-31,678.3152465820312
2026-01-02,679.55859375
2026-01-05,684.0845947265625
2026-01-06,688.1529541015625
2026-01-07,685.9347534179688
2026-01-08,685.8651123046875
2026-01-09,690.4010009765625
2026-01-12,691.4852294921875
2026-01-13,690.1026000976562
2026-01-14,686.7105712890625
2026-01-15,688.5806884765625
2026-01-16,688.0037231445312
2026-01-20,673.9981689453125
2026-01-21,681.77685546875
2026-01-22,685.3379516601562
2026-01-23,685.5865478515625
2026-01-26,689.068115234375
2026-01-27,691.8134765625
2026-01-28,691.7438354492188
2026-01-29,690.3711547851562
2026-01-30,688.3121337890625
2026-02-02,691.73388671875
2026-02-03,685.885009765625
2026-02-04,682.5626831054688
2026-02-05,674.0379638671875
2026-02-06,686.96923828125
2026-02-09,690.2816162109375
2026-02-10,688.4613037109375
2026-02-11,688.3021850585938
2026-02-12,677.668701171875
2026-02-13,678.1461181640625
2026-02-17,679.2402954101562
2026-02-18,682.662109375
2026-02-19,680.8616943359375
2026-02-20,685.7855834960938
2026-02-23,678.7827758789062
2026-02-24,683.7164916992188
2026-02-25,689.4859008789062
2026-02-26,685.6561889648438
2026-02-27,682.3637084960938
2026-03-02,682.7516479492188
2026-03-03,676.7337036132812
2026-03-04,681.50830078125
2026-03-05,677.7084350585938
2026-03-06,668.8256225585938
2026-03-09,674.6845092773438
2026-03-10,673.6002807617188
2026-03-11,672.7548217773438
2026-03-12,662.5390625
2026-03-13,658.7890014648438
2026-03-16,665.493408203125
2026-03-17,667.2440185546875
2026-03-18,657.9335327148438
2026-03-19,656.3121337890625
2026-03-20,646.9034423828125
2026-03-23,653.6959228515625
2026-03-24,651.5015869140625
2026-03-25,655.1322021484375
2026-03-26,643.432373046875
2026-03-27,632.4606323242188
2026-03-30,630.3460693359375
2026-03-31,648.6688842773438
2026-04-01,653.5562744140625
2026-04-02,654.144775390625
2026-04-06,657.23681640625
2026-04-07,657.5260009765625
2026-04-08,674.27294921875
2026-04-09,678.162841796875
2026-04-10,677.7140502929688
2026-04-13,684.3369750976562
2026-04-14,692.675537109375
2026-04-15,698.1414184570312
2026-04-16,699.8569946289062
2026-04-17,708.3152465820312
2026-04-20,706.8988037109375
2026-04-21,702.2708129882812
2026-04-22,709.3825073242188
2026-04-23,706.6295776367188
2026-04-24,712.10546875
2026-04-27,713.332275390625
2026-04-28,709.8612060546875
2026-04-29,709.7515258789062
2026-04-30,716.8132934570312
2026-05-01,718.7982177734375
2026-05-04,716.1649780273438
2026-05-05,721.9102172851562
2026-05-06,731.9443359375
2026-05-07,729.7001342773438
2026-05-08,735.724609375
2026-05-11,737.4002685546875
2026-05-12,736.2831420898438
2026-05-13,740.4025268554688
2026-05-14,746.2474975585938
2026-05-15,737.2706298828125
2026-05-18,736.751953125
2026-05-19,731.8446044921875
2026-05-20,739.3452758789062
2026-05-21,740.8114624023438
2026-05-22,743.7239990234375
2026-05-26,748.6613159179688
2026-05-27,748.5316162109375
2026-05-28,752.6609497070312
2026-05-29,754.5361328125
2026-06-01,756.5908203125
2026-06-02,757.6182250976562
2026-06-03,752.3018798828125
2026-06-04,755.1445922851562
2026-06-05,735.65478515625
2026-06-08,737.3204345703125
2026-06-09,735.1560668945312
2026-06-10,723.56591796875
2026-06-11,735.8642578125
2026-06-12,739.843994140625
2026-06-15,752.890380859375
2026-06-16,748.4019775390625
2026-06-17,739.0560302734375
2026-06-18,746.739990234375
2026-06-22,744.3900146484375
2026-06-23,733.5800170898438
2026-06-24,733.239990234375
2026-06-25,734.2999877929688
2026-06-26,728.989990234375
2026-06-29,741.0
2026-06-30,746.77001953125
2026-07-01,745.760009765625
2026-07-02,744.780029296875
2026-07-06,751.280029296875
2026-07-07,747.7100219726562
2026-07-08,745.4000244140625
2026-07-09,751.7100219726562
2026-07-10,754.9500122070312
2026-07-13,749.1699829101562
2026-07-14,751.8300170898438
2026-07-15,754.8099975585938
2026-07-16,750.719970703125
2026-07-17,743.2899780273438
2026-07-20,742.0900268554688
2026-07-21,748.280029296875
2026-07-22,747.4099731445312
2026-07-23,738.1799926757812
2026-07-24,738.9299926757812
2026-07-27,739.0900268554688
2026-07-28,740.8599853515625
2026-07-29,729.4600219726562
2026-07-30,741.6900024414062
2026-07-31,747.030029296875
2026-08-03,757.6699829101562
2026-08-04,771.3300170898438
2026-08-05,769.7899780273438
2026-08-06,768.5599975585938
2026-08-07,773.260009765625
2026-08-10,773.030029296875
2026-08-11,770.5599975585938
2026-08-12,772.489990234375
